{
    "count": 150, 
    "issue": "2011", 
    "view_id": 0, 
    "request": "budzet_srodkow_EU_tradycijny_2011", 
    "uri": "http://otwartedane.pl/api/json/dataset/1/view/0/issue/2011/", 
    "dataset_id": 1, 
    "data": [
        {
            "idef_sort": "0001", 
            "name": "Program Operacyjny Infrastruktura i Środowisko", 
            "parent": null, 
            "v_eu": 12093750, 
            "parent_sort": null, 
            "idef": "1", 
            "level": "a", 
            "czesc": null, 
            "leaf": false, 
            "type": "Program 1"
        }, 
        {
            "idef_sort": "0001-0001", 
            "name": "Program Operacyjny Infrastruktura i Środowisko", 
            "parent": "1", 
            "v_eu": 300000, 
            "parent_sort": "0001", 
            "idef": "1-1", 
            "level": "b", 
            "czesc": "20 ", 
            "leaf": true, 
            "type": "Część 20"
        }, 
        {
            "idef_sort": "0001-0002", 
            "name": "GOSPODARKA MORSKA", 
            "parent": "1", 
            "v_eu": 163199, 
            "parent_sort": "0001", 
            "idef": "1-2", 
            "level": "b", 
            "czesc": "21 ", 
            "leaf": true, 
            "type": "Część 21"
        }, 
        {
            "idef_sort": "0001-0003", 
            "name": "GOSPODARKA WODNA", 
            "parent": "1", 
            "v_eu": 146326, 
            "parent_sort": "0001", 
            "idef": "1-3", 
            "level": "b", 
            "czesc": "22 ", 
            "leaf": true, 
            "type": "Część 22"
        }, 
        {
            "idef_sort": "0001-0004", 
            "name": "KULTURA I OCHRONA DZIEDZICTWA NARODOWEGO", 
            "parent": "1", 
            "v_eu": 400000, 
            "parent_sort": "0001", 
            "idef": "1-4", 
            "level": "b", 
            "czesc": "24 ", 
            "leaf": true, 
            "type": "Część 24"
        }, 
        {
            "idef_sort": "0001-0006", 
            "name": "SZKOLNICTWO WYśSZE", 
            "parent": "1", 
            "v_eu": 264006, 
            "parent_sort": "0001", 
            "idef": "1-6", 
            "level": "b", 
            "czesc": "38 ", 
            "leaf": true, 
            "type": "Część 38"
        }, 
        {
            "idef_sort": "0001-0007", 
            "name": "TRANSPORT", 
            "parent": "1", 
            "v_eu": 7556350, 
            "parent_sort": "0001", 
            "idef": "1-7", 
            "level": "b", 
            "czesc": "39 ", 
            "leaf": true, 
            "type": "Część 39"
        }, 
        {
            "idef_sort": "0001-0008", 
            "name": "ŚRODOWISKO", 
            "parent": "1", 
            "v_eu": 2849541, 
            "parent_sort": "0001", 
            "idef": "1-8", 
            "level": "b", 
            "czesc": "41 ", 
            "leaf": true, 
            "type": "Część 41"
        }, 
        {
            "idef_sort": "0001-0009", 
            "name": "SPRAWY WEWNĘTRZNE", 
            "parent": "1", 
            "v_eu": 7906, 
            "parent_sort": "0001", 
            "idef": "1-9", 
            "level": "b", 
            "czesc": "42 ", 
            "leaf": true, 
            "type": "Część 42"
        }, 
        {
            "idef_sort": "0001-0010", 
            "name": "ZDROWIE", 
            "parent": "1", 
            "v_eu": 377548, 
            "parent_sort": "0001", 
            "idef": "1-10", 
            "level": "b", 
            "czesc": "46 ", 
            "leaf": true, 
            "type": "Część 46"
        }, 
        {
            "idef_sort": "0001-0011", 
            "name": "Budżety wojewodów ogółem: Lubelskie", 
            "parent": "1", 
            "v_eu": 1870, 
            "parent_sort": "0001", 
            "idef": "1-11", 
            "level": "b", 
            "czesc": "85/06", 
            "leaf": true, 
            "type": "Część 85/06"
        }, 
        {
            "idef_sort": "0001-0012", 
            "name": "Budżety wojewodów ogółem: Podkarpackie", 
            "parent": "1", 
            "v_eu": 12446, 
            "parent_sort": "0001", 
            "idef": "1-12", 
            "level": "b", 
            "czesc": "85/18", 
            "leaf": true, 
            "type": "Część 85/18"
        }, 
        {
            "idef_sort": "0001-0013", 
            "name": "Budżety wojewodów ogółem: Pomorskie", 
            "parent": "1", 
            "v_eu": 14558, 
            "parent_sort": "0001", 
            "idef": "1-13", 
            "level": "b", 
            "czesc": "85/22", 
            "leaf": true, 
            "type": "Część 85/22"
        }, 
        {
            "idef_sort": "0002", 
            "name": "Program Operacyjny Innowacyjna Gospodarka", 
            "parent": null, 
            "v_eu": 2616587, 
            "parent_sort": null, 
            "idef": "2", 
            "level": "a", 
            "czesc": null, 
            "leaf": false, 
            "type": "Program 2"
        }, 
        {
            "idef_sort": "0002-0001", 
            "name": "Program Operacyjny Innowacyjna Gospodarka", 
            "parent": "2", 
            "v_eu": 58749, 
            "parent_sort": "0002", 
            "idef": "2-1", 
            "level": "b", 
            "czesc": "17 ", 
            "leaf": true, 
            "type": "Część 17"
        }, 
        {
            "idef_sort": "0002-0002", 
            "name": "BUDŻET, FINANSE PUBLICZNE I INSTYTUCJE FINANSOWE", 
            "parent": "2", 
            "v_eu": 56109, 
            "parent_sort": "0002", 
            "idef": "2-2", 
            "level": "b", 
            "czesc": "19 ", 
            "leaf": true, 
            "type": "Część 19"
        }, 
        {
            "idef_sort": "0002-0003", 
            "name": "GOSPODARKA", 
            "parent": "2", 
            "v_eu": 1232813, 
            "parent_sort": "0002", 
            "idef": "2-3", 
            "level": "b", 
            "czesc": "20 ", 
            "leaf": true, 
            "type": "Część 20"
        }, 
        {
            "idef_sort": "0002-0004", 
            "name": "GOSPODARKA WODNA", 
            "parent": "2", 
            "v_eu": 10742, 
            "parent_sort": "0002", 
            "idef": "2-4", 
            "level": "b", 
            "czesc": "22 ", 
            "leaf": true, 
            "type": "Część 22"
        }, 
        {
            "idef_sort": "0002-0005", 
            "name": "ŁĄCZNOŚĆ", 
            "parent": "2", 
            "v_eu": 191, 
            "parent_sort": "0002", 
            "idef": "2-5", 
            "level": "b", 
            "czesc": "26 ", 
            "leaf": true, 
            "type": "Część 26"
        }, 
        {
            "idef_sort": "0002-0006", 
            "name": "INFORMATYZACJA", 
            "parent": "2", 
            "v_eu": 226361, 
            "parent_sort": "0002", 
            "idef": "2-6", 
            "level": "b", 
            "czesc": "27 ", 
            "leaf": true, 
            "type": "Część 27"
        }, 
        {
            "idef_sort": "0002-0007", 
            "name": "NAUKA", 
            "parent": "2", 
            "v_eu": 750700, 
            "parent_sort": "0002", 
            "idef": "2-7", 
            "level": "b", 
            "czesc": "28 ", 
            "leaf": true, 
            "type": "Część 28"
        }, 
        {
            "idef_sort": "0002-0008", 
            "name": "ROZWÓJ REGIONALNY", 
            "parent": "2", 
            "v_eu": 52437, 
            "parent_sort": "0002", 
            "idef": "2-8", 
            "level": "b", 
            "czesc": "34 ", 
            "leaf": true, 
            "type": "Część 34"
        }, 
        {
            "idef_sort": "0002-0009", 
            "name": "SPRAWIEDLIWOŚĆ", 
            "parent": "2", 
            "v_eu": 14014, 
            "parent_sort": "0002", 
            "idef": "2-9", 
            "level": "b", 
            "czesc": "37 ", 
            "leaf": true, 
            "type": "Część 37"
        }, 
        {
            "idef_sort": "0002-0010", 
            "name": "ŚRODOWISKO", 
            "parent": "2", 
            "v_eu": 2758, 
            "parent_sort": "0002", 
            "idef": "2-10", 
            "level": "b", 
            "czesc": "41 ", 
            "leaf": true, 
            "type": "Część 41"
        }, 
        {
            "idef_sort": "0002-0011", 
            "name": "SPRAWY WEWNĘTRZNE", 
            "parent": "2", 
            "v_eu": 141963, 
            "parent_sort": "0002", 
            "idef": "2-11", 
            "level": "b", 
            "czesc": "42 ", 
            "leaf": true, 
            "type": "Część 42"
        }, 
        {
            "idef_sort": "0002-0012", 
            "name": "ZABEZPIECZENIE SPOŁECZNE", 
            "parent": "2", 
            "v_eu": 3996, 
            "parent_sort": "0002", 
            "idef": "2-12", 
            "level": "b", 
            "czesc": "44 ", 
            "leaf": true, 
            "type": "Część 44"
        }, 
        {
            "idef_sort": "0002-0013", 
            "name": "ZDROWIE", 
            "parent": "2", 
            "v_eu": 20459, 
            "parent_sort": "0002", 
            "idef": "2-13", 
            "level": "b", 
            "czesc": "46 ", 
            "leaf": true, 
            "type": "Część 46"
        }, 
        {
            "idef_sort": "0002-0014", 
            "name": "GŁÓWNY URZĄD STATYSTYCZNY", 
            "parent": "2", 
            "v_eu": 30906, 
            "parent_sort": "0002", 
            "idef": "2-14", 
            "level": "b", 
            "czesc": "58 ", 
            "leaf": true, 
            "type": "Część 58"
        }, 
        {
            "idef_sort": "0002-0015", 
            "name": "URZĄD KOMUNIKACJI ELEKTRONICZNEJ", 
            "parent": "2", 
            "v_eu": 14389, 
            "parent_sort": "0002", 
            "idef": "2-15", 
            "level": "b", 
            "czesc": "76 ", 
            "leaf": true, 
            "type": "Część 76"
        }, 
        {
            "idef_sort": "0003", 
            "name": "Program Operacyjny Kapitał Ludzki", 
            "parent": null, 
            "v_eu": 4601920, 
            "parent_sort": null, 
            "idef": "3", 
            "level": "a", 
            "czesc": null, 
            "leaf": false, 
            "type": "Program 3"
        }, 
        {
            "idef_sort": "0003-0001", 
            "name": "Program Operacyjny Kapitał Ludzki", 
            "parent": "3", 
            "v_eu": 27062, 
            "parent_sort": "0003", 
            "idef": "3-1", 
            "level": "b", 
            "czesc": "16 ", 
            "leaf": true, 
            "type": "Część 16"
        }, 
        {
            "idef_sort": "0003-0002", 
            "name": "ADMINISTRACJA PUBLICZNA", 
            "parent": "3", 
            "v_eu": 123733, 
            "parent_sort": "0003", 
            "idef": "3-2", 
            "level": "b", 
            "czesc": "17 ", 
            "leaf": true, 
            "type": "Część 17"
        }, 
        {
            "idef_sort": "0003-0003", 
            "name": "BUDŻET, FINANSE PUBLICZNE I INSTYTUCJE FINANSOWE", 
            "parent": "3", 
            "v_eu": 18959, 
            "parent_sort": "0003", 
            "idef": "3-3", 
            "level": "b", 
            "czesc": "19 ", 
            "leaf": true, 
            "type": "Część 19"
        }, 
        {
            "idef_sort": "0003-0004", 
            "name": "GOSPODARKA", 
            "parent": "3", 
            "v_eu": 7892, 
            "parent_sort": "0003", 
            "idef": "3-4", 
            "level": "b", 
            "czesc": "20 ", 
            "leaf": true, 
            "type": "Część 20"
        }, 
        {
            "idef_sort": "0003-0005", 
            "name": "NAUKA", 
            "parent": "3", 
            "v_eu": 12281, 
            "parent_sort": "0003", 
            "idef": "3-5", 
            "level": "b", 
            "czesc": "28 ", 
            "leaf": true, 
            "type": "Część 28"
        }, 
        {
            "idef_sort": "0003-0006", 
            "name": "OŚWIATA I WYCHOWANIE", 
            "parent": "3", 
            "v_eu": 342590, 
            "parent_sort": "0003", 
            "idef": "3-6", 
            "level": "b", 
            "czesc": "30 ", 
            "leaf": true, 
            "type": "Część 30"
        }, 
        {
            "idef_sort": "0003-0007", 
            "name": "PRACA", 
            "parent": "3", 
            "v_eu": 889510, 
            "parent_sort": "0003", 
            "idef": "3-7", 
            "level": "b", 
            "czesc": "31 ", 
            "leaf": true, 
            "type": "Część 31"
        }, 
        {
            "idef_sort": "0003-0008", 
            "name": "ROLNICTWO", 
            "parent": "3", 
            "v_eu": 1510, 
            "parent_sort": "0003", 
            "idef": "3-8", 
            "level": "b", 
            "czesc": "32 ", 
            "leaf": true, 
            "type": "Część 32"
        }, 
        {
            "idef_sort": "0003-0009", 
            "name": "ROZWÓJ REGIONALNY", 
            "parent": "3", 
            "v_eu": 2687859, 
            "parent_sort": "0003", 
            "idef": "3-9", 
            "level": "b", 
            "czesc": "34 ", 
            "leaf": true, 
            "type": "Część 34"
        }, 
        {
            "idef_sort": "0003-0010", 
            "name": "SPRAWIEDLIWOŚĆ", 
            "parent": "3", 
            "v_eu": 39296, 
            "parent_sort": "0003", 
            "idef": "3-10", 
            "level": "b", 
            "czesc": "37 ", 
            "leaf": true, 
            "type": "Część 37"
        }, 
        {
            "idef_sort": "0003-0011", 
            "name": "SZKOLNICTWO WYśSZE", 
            "parent": "3", 
            "v_eu": 356795, 
            "parent_sort": "0003", 
            "idef": "3-11", 
            "level": "b", 
            "czesc": "38 ", 
            "leaf": true, 
            "type": "Część 38"
        }, 
        {
            "idef_sort": "0003-0012", 
            "name": "SPRAWY WEWNĘTRZNE", 
            "parent": "3", 
            "v_eu": 3815, 
            "parent_sort": "0003", 
            "idef": "3-12", 
            "level": "b", 
            "czesc": "42 ", 
            "leaf": true, 
            "type": "Część 42"
        }, 
        {
            "idef_sort": "0003-0013", 
            "name": "WYZNANIA RELIGIJNE ORAZ MNIEJSZOŚCI NARODOWE I ETNICZNE", 
            "parent": "3", 
            "v_eu": 9180, 
            "parent_sort": "0003", 
            "idef": "3-13", 
            "level": "b", 
            "czesc": "43 ", 
            "leaf": true, 
            "type": "Część 43"
        }, 
        {
            "idef_sort": "0003-0014", 
            "name": "ZABEZPIECZENIE SPOŁECZNE", 
            "parent": "3", 
            "v_eu": 36253, 
            "parent_sort": "0003", 
            "idef": "3-14", 
            "level": "b", 
            "czesc": "44 ", 
            "leaf": true, 
            "type": "Część 44"
        }, 
        {
            "idef_sort": "0003-0015", 
            "name": "ZDROWIE", 
            "parent": "3", 
            "v_eu": 41296, 
            "parent_sort": "0003", 
            "idef": "3-15", 
            "level": "b", 
            "czesc": "46 ", 
            "leaf": true, 
            "type": "Część 46"
        }, 
        {
            "idef_sort": "0003-0016", 
            "name": "URZĄD ZAMÓWIEŃ PUBLICZNYCH", 
            "parent": "3", 
            "v_eu": 454, 
            "parent_sort": "0003", 
            "idef": "3-16", 
            "level": "b", 
            "czesc": "49 ", 
            "leaf": true, 
            "type": "Część 49"
        }, 
        {
            "idef_sort": "0003-0017", 
            "name": "RZĄDOWE CENTRUM LEGISLACJI", 
            "parent": "3", 
            "v_eu": 354, 
            "parent_sort": "0003", 
            "idef": "3-17", 
            "level": "b", 
            "czesc": "75 ", 
            "leaf": true, 
            "type": "Część 75"
        }, 
        {
            "idef_sort": "0003-0018", 
            "name": "REGIONALNE IZBY OBRACHUNKOWE", 
            "parent": "3", 
            "v_eu": 500, 
            "parent_sort": "0003", 
            "idef": "3-18", 
            "level": "b", 
            "czesc": "80 ", 
            "leaf": true, 
            "type": "Część 80"
        }, 
        {
            "idef_sort": "0003-0019", 
            "name": "Budżety wojewodów ogółem: Kujawsko-pomorskie", 
            "parent": "3", 
            "v_eu": 83, 
            "parent_sort": "0003", 
            "idef": "3-19", 
            "level": "b", 
            "czesc": "85/04", 
            "leaf": true, 
            "type": "Część 85/04"
        }, 
        {
            "idef_sort": "0003-0020", 
            "name": "Budżety wojewodów ogółem: Lubelskie", 
            "parent": "3", 
            "v_eu": 51, 
            "parent_sort": "0003", 
            "idef": "3-20", 
            "level": "b", 
            "czesc": "85/06", 
            "leaf": true, 
            "type": "Część 85/06"
        }, 
        {
            "idef_sort": "0003-0023", 
            "name": "Budżety wojewodów ogółem: Świętokrzyskie", 
            "parent": "3", 
            "v_eu": 310, 
            "parent_sort": "0003", 
            "idef": "3-23", 
            "level": "b", 
            "czesc": "85/26", 
            "leaf": true, 
            "type": "Część 85/26"
        }, 
        {
            "idef_sort": "0003-0024", 
            "name": "Budżety wojewodów ogółem: Warmińsko-mazurskie", 
            "parent": "3", 
            "v_eu": 153, 
            "parent_sort": "0003", 
            "idef": "3-24", 
            "level": "b", 
            "czesc": "85/28", 
            "leaf": true, 
            "type": "Część 85/28"
        }, 
        {
            "idef_sort": "0003-0025", 
            "name": "Budżety wojewodów ogółem: Wielkopolskie", 
            "parent": "3", 
            "v_eu": 300, 
            "parent_sort": "0003", 
            "idef": "3-25", 
            "level": "b", 
            "czesc": "85/30", 
            "leaf": true, 
            "type": "Część 85/30"
        }, 
        {
            "idef_sort": "0003-0026", 
            "name": "Budżety wojewodów ogółem: Zachodniopomorskie", 
            "parent": "3", 
            "v_eu": 1437, 
            "parent_sort": "0003", 
            "idef": "3-26", 
            "level": "b", 
            "czesc": "85/32", 
            "leaf": true, 
            "type": "Część 85/32"
        }, 
        {
            "idef_sort": "0003-0027", 
            "name": "Samorządowe kolegia odwoławcze ogółem", 
            "parent": "3", 
            "v_eu": 247, 
            "parent_sort": "0003", 
            "idef": "3-27", 
            "level": "b", 
            "czesc": "86", 
            "leaf": true, 
            "type": "Część 86"
        }, 
        {
            "idef_sort": "0005", 
            "name": "Program Operacyjny Rozwój Polski Wschodniej", 
            "parent": null, 
            "v_eu": 1224676, 
            "parent_sort": null, 
            "idef": "5", 
            "level": "a", 
            "czesc": null, 
            "leaf": false, 
            "type": "Program 5"
        }, 
        {
            "idef_sort": "0005-0001", 
            "name": "Program Operacyjny Rozwój Polski Wschodniej", 
            "parent": "5", 
            "v_eu": 1224676, 
            "parent_sort": "0005", 
            "idef": "5-1", 
            "level": "b", 
            "czesc": "34 ", 
            "leaf": true, 
            "type": "Część 34"
        }, 
        {
            "idef_sort": "0006", 
            "name": "Regionalny Program Operacyjny dla Województwa Dolnośląskiego 2007-2013", 
            "parent": null, 
            "v_eu": 595522, 
            "parent_sort": null, 
            "idef": "6", 
            "level": "a", 
            "czesc": null, 
            "leaf": false, 
            "type": "Program 6"
        }, 
        {
            "idef_sort": "0006-0001", 
            "name": "Regionalny Program Operacyjny dla Województwa Dolnośląskiego\n2007-2013", 
            "parent": "6", 
            "v_eu": 14417, 
            "parent_sort": "0006", 
            "idef": "6-1", 
            "level": "b", 
            "czesc": "22 ", 
            "leaf": true, 
            "type": "Część 22"
        }, 
        {
            "idef_sort": "0006-0003", 
            "name": "ROZWÓJ REGIONALNY", 
            "parent": "6", 
            "v_eu": 562439, 
            "parent_sort": "0006", 
            "idef": "6-3", 
            "level": "b", 
            "czesc": "34 ", 
            "leaf": true, 
            "type": "Część 34"
        }, 
        {
            "idef_sort": "0006-0005", 
            "name": "SPRAWY WEWNĘTRZNE", 
            "parent": "6", 
            "v_eu": 18411, 
            "parent_sort": "0006", 
            "idef": "6-5", 
            "level": "b", 
            "czesc": "42 ", 
            "leaf": true, 
            "type": "Część 42"
        }, 
        {
            "idef_sort": "0006-0006", 
            "name": "Budżety wojewodów ogółem: Dolnośląskie", 
            "parent": "6", 
            "v_eu": 255, 
            "parent_sort": "0006", 
            "idef": "6-6", 
            "level": "b", 
            "czesc": "85/02", 
            "leaf": true, 
            "type": "Część 85/02"
        }, 
        {
            "idef_sort": "0007", 
            "name": "Regionalny Program Operacyjny Województwa Kujawsko- Pomorskiego na lata 2007-2013", 
            "parent": null, 
            "v_eu": 421497, 
            "parent_sort": null, 
            "idef": "7", 
            "level": "a", 
            "czesc": null, 
            "leaf": false, 
            "type": "Program 7"
        }, 
        {
            "idef_sort": "0007-0001", 
            "name": "Regionalny Program Operacyjny Województwa Kujawsko- Pomorskiego na lata 2007-2013", 
            "parent": "7", 
            "v_eu": 415605, 
            "parent_sort": "0007", 
            "idef": "7-1", 
            "level": "b", 
            "czesc": "34 ", 
            "leaf": true, 
            "type": "Część 34"
        }, 
        {
            "idef_sort": "0007-0002", 
            "name": "SPRAWY WEWNĘTRZNE", 
            "parent": "7", 
            "v_eu": 590, 
            "parent_sort": "0007", 
            "idef": "7-2", 
            "level": "b", 
            "czesc": "42 ", 
            "leaf": true, 
            "type": "Część 42"
        }, 
        {
            "idef_sort": "0007-0003", 
            "name": "Budżety wojewodów ogółem: Kujawsko-pomorskie", 
            "parent": "7", 
            "v_eu": 5302, 
            "parent_sort": "0007", 
            "idef": "7-3", 
            "level": "b", 
            "czesc": "85/04", 
            "leaf": true, 
            "type": "Część 85/04"
        }, 
        {
            "idef_sort": "0008", 
            "name": "Regionalny Program Operacyjny Województwa Lubelskiego na lata 2007-2013", 
            "parent": null, 
            "v_eu": 474396, 
            "parent_sort": null, 
            "idef": "8", 
            "level": "a", 
            "czesc": null, 
            "leaf": false, 
            "type": "Program 8"
        }, 
        {
            "idef_sort": "0008-0001", 
            "name": "Regionalny Program Operacyjny Województwa Lubelskiego na lata\n2007-2013", 
            "parent": "8", 
            "v_eu": 463715, 
            "parent_sort": "0008", 
            "idef": "8-1", 
            "level": "b", 
            "czesc": "34 ", 
            "leaf": true, 
            "type": "Część 34"
        }, 
        {
            "idef_sort": "0008-0002", 
            "name": "Budżety wojewodów ogółem: Lubelskie", 
            "parent": "8", 
            "v_eu": 10681, 
            "parent_sort": "0008", 
            "idef": "8-2", 
            "level": "b", 
            "czesc": "85/06", 
            "leaf": true, 
            "type": "Część 85/06"
        }, 
        {
            "idef_sort": "0009", 
            "name": "Lubuski Regionalny Program Operacyjny na lata 2007-2013", 
            "parent": null, 
            "v_eu": 184912, 
            "parent_sort": null, 
            "idef": "9", 
            "level": "a", 
            "czesc": null, 
            "leaf": false, 
            "type": "Program 9"
        }, 
        {
            "idef_sort": "0009-0001", 
            "name": "Lubuski Regionalny Program Operacyjny na lata 2007-2013", 
            "parent": "9", 
            "v_eu": 1476, 
            "parent_sort": "0009", 
            "idef": "9-1", 
            "level": "b", 
            "czesc": "31 ", 
            "leaf": true, 
            "type": "Część 31"
        }, 
        {
            "idef_sort": "0009-0002", 
            "name": "ROZWÓJ REGIONALNY", 
            "parent": "9", 
            "v_eu": 180238, 
            "parent_sort": "0009", 
            "idef": "9-2", 
            "level": "b", 
            "czesc": "34 ", 
            "leaf": true, 
            "type": "Część 34"
        }, 
        {
            "idef_sort": "0009-0003", 
            "name": "SPRAWY WEWNĘTRZNE", 
            "parent": "9", 
            "v_eu": 3198, 
            "parent_sort": "0009", 
            "idef": "9-3", 
            "level": "b", 
            "czesc": "42 ", 
            "leaf": true, 
            "type": "Część 42"
        }, 
        {
            "idef_sort": "0010", 
            "name": "Regionalny Program Operacyjny Województwa Łódzkiego na lata 2007-2013", 
            "parent": null, 
            "v_eu": 465686, 
            "parent_sort": null, 
            "idef": "10", 
            "level": "a", 
            "czesc": null, 
            "leaf": false, 
            "type": "Program 10"
        }, 
        {
            "idef_sort": "0010-0002", 
            "name": "ROZWÓJ REGIONALNY", 
            "parent": "10", 
            "v_eu": 462307, 
            "parent_sort": "0010", 
            "idef": "10-2", 
            "level": "b", 
            "czesc": "34 ", 
            "leaf": true, 
            "type": "Część 34"
        }, 
        {
            "idef_sort": "0010-0003", 
            "name": "SPRAWY WEWNĘTRZNE", 
            "parent": "10", 
            "v_eu": 3379, 
            "parent_sort": "0010", 
            "idef": "10-3", 
            "level": "b", 
            "czesc": "42 ", 
            "leaf": true, 
            "type": "Część 42"
        }, 
        {
            "idef_sort": "0011", 
            "name": "Małopolski Regionalny Program Operacyjny na lata 2007 - 2013", 
            "parent": null, 
            "v_eu": 629661, 
            "parent_sort": null, 
            "idef": "11", 
            "level": "a", 
            "czesc": null, 
            "leaf": false, 
            "type": "Program 11"
        }, 
        {
            "idef_sort": "0011-0001", 
            "name": "Małopolski Regionalny Program Operacyjny na lata 2007 - 2013", 
            "parent": "11", 
            "v_eu": 2000, 
            "parent_sort": "0011", 
            "idef": "11-1", 
            "level": "b", 
            "czesc": "32 ", 
            "leaf": true, 
            "type": "Część 32"
        }, 
        {
            "idef_sort": "0011-0002", 
            "name": "ROZWÓJ REGIONALNY", 
            "parent": "11", 
            "v_eu": 613611, 
            "parent_sort": "0011", 
            "idef": "11-2", 
            "level": "b", 
            "czesc": "34 ", 
            "leaf": true, 
            "type": "Część 34"
        }, 
        {
            "idef_sort": "0011-0004", 
            "name": "SPRAWY WEWNĘTRZNE", 
            "parent": "11", 
            "v_eu": 14050, 
            "parent_sort": "0011", 
            "idef": "11-4", 
            "level": "b", 
            "czesc": "42 ", 
            "leaf": true, 
            "type": "Część 42"
        }, 
        {
            "idef_sort": "0012", 
            "name": "Regionalny Program Operacyjny Województwa Mazowieckiego na lata 2007-2013", 
            "parent": null, 
            "v_eu": 748535, 
            "parent_sort": null, 
            "idef": "12", 
            "level": "a", 
            "czesc": null, 
            "leaf": false, 
            "type": "Program 12"
        }, 
        {
            "idef_sort": "0012-0001", 
            "name": "Regionalny Program Operacyjny Województwa Mazowieckiego na lata 2007-2013", 
            "parent": "12", 
            "v_eu": 765, 
            "parent_sort": "0012", 
            "idef": "12-1", 
            "level": "b", 
            "czesc": "22 ", 
            "leaf": true, 
            "type": "Część 22"
        }, 
        {
            "idef_sort": "0012-0003", 
            "name": "PRACA", 
            "parent": "12", 
            "v_eu": 7820, 
            "parent_sort": "0012", 
            "idef": "12-3", 
            "level": "b", 
            "czesc": "31 ", 
            "leaf": true, 
            "type": "Część 31"
        }, 
        {
            "idef_sort": "0012-0004", 
            "name": "ROLNICTWO", 
            "parent": "12", 
            "v_eu": 7225, 
            "parent_sort": "0012", 
            "idef": "12-4", 
            "level": "b", 
            "czesc": "32 ", 
            "leaf": true, 
            "type": "Część 32"
        }, 
        {
            "idef_sort": "0012-0005", 
            "name": "ROZWÓJ REGIONALNY", 
            "parent": "12", 
            "v_eu": 726741, 
            "parent_sort": "0012", 
            "idef": "12-5", 
            "level": "b", 
            "czesc": "34 ", 
            "leaf": true, 
            "type": "Część 34"
        }, 
        {
            "idef_sort": "0012-0006", 
            "name": "Budżety wojewodów ogółem: Mazowieckie", 
            "parent": "12", 
            "v_eu": 5984, 
            "parent_sort": "0012", 
            "idef": "12-6", 
            "level": "b", 
            "czesc": "85/14", 
            "leaf": true, 
            "type": "Część 85/14"
        }, 
        {
            "idef_sort": "0013", 
            "name": "Regionalny Program Operacyjny Województwa Opolskiego na lata 2007 - 2013", 
            "parent": null, 
            "v_eu": 236747, 
            "parent_sort": null, 
            "idef": "13", 
            "level": "a", 
            "czesc": null, 
            "leaf": false, 
            "type": "Program 13"
        }, 
        {
            "idef_sort": "0013-0001", 
            "name": "Regionalny Program Operacyjny Województwa Opolskiego na lata\n2007 - 2013", 
            "parent": "13", 
            "v_eu": 236747, 
            "parent_sort": "0013", 
            "idef": "13-1", 
            "level": "b", 
            "czesc": "34 ", 
            "leaf": true, 
            "type": "Część 34"
        }, 
        {
            "idef_sort": "0014", 
            "name": "Regionalny Program Operacyjny Województwa Podkarpackiego na lata 2007-2013", 
            "parent": null, 
            "v_eu": 628470, 
            "parent_sort": null, 
            "idef": "14", 
            "level": "a", 
            "czesc": null, 
            "leaf": false, 
            "type": "Program 14"
        }, 
        {
            "idef_sort": "0014-0001", 
            "name": "Regionalny Program Operacyjny Województwa Podkarpackiego na lata 2007-2013", 
            "parent": "14", 
            "v_eu": 624719, 
            "parent_sort": "0014", 
            "idef": "14-1", 
            "level": "b", 
            "czesc": "34 ", 
            "leaf": true, 
            "type": "Część 34"
        }, 
        {
            "idef_sort": "0014-0003", 
            "name": "Budżety wojewodów ogółem: Podkarpackie", 
            "parent": "14", 
            "v_eu": 3751, 
            "parent_sort": "0014", 
            "idef": "14-3", 
            "level": "b", 
            "czesc": "85/18", 
            "leaf": true, 
            "type": "Część 85/18"
        }, 
        {
            "idef_sort": "0015", 
            "name": "Regionalny Program Operacyjny Województwa Podlaskiego na lata 2007-2013", 
            "parent": null, 
            "v_eu": 298606, 
            "parent_sort": null, 
            "idef": "15", 
            "level": "a", 
            "czesc": null, 
            "leaf": false, 
            "type": "Program 15"
        }, 
        {
            "idef_sort": "0015-0001", 
            "name": "Regionalny Program Operacyjny Województwa Podlaskiego na lata\n2007-2013", 
            "parent": "15", 
            "v_eu": 4286, 
            "parent_sort": "0015", 
            "idef": "15-1", 
            "level": "b", 
            "czesc": "32 ", 
            "leaf": true, 
            "type": "Część 32"
        }, 
        {
            "idef_sort": "0015-0002", 
            "name": "ROZWÓJ REGIONALNY", 
            "parent": "15", 
            "v_eu": 287276, 
            "parent_sort": "0015", 
            "idef": "15-2", 
            "level": "b", 
            "czesc": "34 ", 
            "leaf": true, 
            "type": "Część 34"
        }, 
        {
            "idef_sort": "0015-0003", 
            "name": "ŚRODOWISKO", 
            "parent": "15", 
            "v_eu": 748, 
            "parent_sort": "0015", 
            "idef": "15-3", 
            "level": "b", 
            "czesc": "41 ", 
            "leaf": true, 
            "type": "Część 41"
        }, 
        {
            "idef_sort": "0015-0004", 
            "name": "Budżety wojewodów ogółem: Podlaskie", 
            "parent": "15", 
            "v_eu": 6296, 
            "parent_sort": "0015", 
            "idef": "15-4", 
            "level": "b", 
            "czesc": "85/20", 
            "leaf": true, 
            "type": "Część 85/20"
        }, 
        {
            "idef_sort": "0016", 
            "name": "Regionalny Program Operacyjny dla Województwa Pomorskiego na lata 2007-2013", 
            "parent": null, 
            "v_eu": 410546, 
            "parent_sort": null, 
            "idef": "16", 
            "level": "a", 
            "czesc": null, 
            "leaf": false, 
            "type": "Program 16"
        }, 
        {
            "idef_sort": "0016-0002", 
            "name": "ROZWÓJ REGIONALNY", 
            "parent": "16", 
            "v_eu": 383310, 
            "parent_sort": "0016", 
            "idef": "16-2", 
            "level": "b", 
            "czesc": "34 ", 
            "leaf": true, 
            "type": "Część 34"
        }, 
        {
            "idef_sort": "0016-0003", 
            "name": "ŚRODOWISKO", 
            "parent": "16", 
            "v_eu": 329, 
            "parent_sort": "0016", 
            "idef": "16-3", 
            "level": "b", 
            "czesc": "41 ", 
            "leaf": true, 
            "type": "Część 41"
        }, 
        {
            "idef_sort": "0016-0004", 
            "name": "SPRAWY WEWNĘTRZNE", 
            "parent": "16", 
            "v_eu": 8925, 
            "parent_sort": "0016", 
            "idef": "16-4", 
            "level": "b", 
            "czesc": "42 ", 
            "leaf": true, 
            "type": "Część 42"
        }, 
        {
            "idef_sort": "0016-0005", 
            "name": "Budżety wojewodów ogółem: Pomorskie", 
            "parent": "16", 
            "v_eu": 17982, 
            "parent_sort": "0016", 
            "idef": "16-5", 
            "level": "b", 
            "czesc": "85/22", 
            "leaf": true, 
            "type": "Część 85/22"
        }, 
        {
            "idef_sort": "0017", 
            "name": "Regionalny Program Operacyjny Województwa Śląskiego na lata 2007-2013", 
            "parent": null, 
            "v_eu": 822947, 
            "parent_sort": null, 
            "idef": "17", 
            "level": "a", 
            "czesc": null, 
            "leaf": false, 
            "type": "Program 17"
        }, 
        {
            "idef_sort": "0017-0002", 
            "name": "ROZWÓJ REGIONALNY", 
            "parent": "17", 
            "v_eu": 820149, 
            "parent_sort": "0017", 
            "idef": "17-2", 
            "level": "b", 
            "czesc": "34 ", 
            "leaf": true, 
            "type": "Część 34"
        }, 
        {
            "idef_sort": "0017-0004", 
            "name": "Budżety wojewodów ogółem: Śląskie", 
            "parent": "17", 
            "v_eu": 2798, 
            "parent_sort": "0017", 
            "idef": "17-4", 
            "level": "b", 
            "czesc": "85/24", 
            "leaf": true, 
            "type": "Część 85/24"
        }, 
        {
            "idef_sort": "0018", 
            "name": "Regionalny Program Operacyjny Województwa Świętokrzyskiego na lata 2007 - 2013", 
            "parent": null, 
            "v_eu": 351168, 
            "parent_sort": null, 
            "idef": "18", 
            "level": "a", 
            "czesc": null, 
            "leaf": false, 
            "type": "Program 18"
        }, 
        {
            "idef_sort": "0018-0001", 
            "name": "Regionalny Program Operacyjny Województwa Świętokrzyskiego na lata 2007 - 2013", 
            "parent": "18", 
            "v_eu": 1168, 
            "parent_sort": "0018", 
            "idef": "18-1", 
            "level": "b", 
            "czesc": "22 ", 
            "leaf": true, 
            "type": "Część 22"
        }, 
        {
            "idef_sort": "0018-0002", 
            "name": "ROZWÓJ REGIONALNY", 
            "parent": "18", 
            "v_eu": 350000, 
            "parent_sort": "0018", 
            "idef": "18-2", 
            "level": "b", 
            "czesc": "34 ", 
            "leaf": true, 
            "type": "Część 34"
        }, 
        {
            "idef_sort": "0019", 
            "name": "Regionalny Program Operacyjny Warmia i Mazury na lata 2007 - 2013", 
            "parent": null, 
            "v_eu": 513395, 
            "parent_sort": null, 
            "idef": "19", 
            "level": "a", 
            "czesc": null, 
            "leaf": false, 
            "type": "Program 19"
        }, 
        {
            "idef_sort": "0019-0001", 
            "name": "Regionalny Program Operacyjny Warmia i Mazury na lata 2007 -\n2013", 
            "parent": "19", 
            "v_eu": 1832, 
            "parent_sort": "0019", 
            "idef": "19-1", 
            "level": "b", 
            "czesc": "32 ", 
            "leaf": true, 
            "type": "Część 32"
        }, 
        {
            "idef_sort": "0019-0002", 
            "name": "ROZWÓJ REGIONALNY", 
            "parent": "19", 
            "v_eu": 509548, 
            "parent_sort": "0019", 
            "idef": "19-2", 
            "level": "b", 
            "czesc": "34 ", 
            "leaf": true, 
            "type": "Część 34"
        }, 
        {
            "idef_sort": "0019-0003", 
            "name": "SPRAWY WEWNĘTRZNE", 
            "parent": "19", 
            "v_eu": 2015, 
            "parent_sort": "0019", 
            "idef": "19-3", 
            "level": "b", 
            "czesc": "42 ", 
            "leaf": true, 
            "type": "Część 42"
        }, 
        {
            "idef_sort": "0020", 
            "name": "Wielkopolski Regionalny Program Operacyjny na lata 2007 - 2013", 
            "parent": null, 
            "v_eu": 619918, 
            "parent_sort": null, 
            "idef": "20", 
            "level": "a", 
            "czesc": null, 
            "leaf": false, 
            "type": "Program 20"
        }, 
        {
            "idef_sort": "0020-0001", 
            "name": "Wielkopolski Regionalny Program Operacyjny na lata 2007 - 2013", 
            "parent": "20", 
            "v_eu": 1429, 
            "parent_sort": "0020", 
            "idef": "20-1", 
            "level": "b", 
            "czesc": "22 ", 
            "leaf": true, 
            "type": "Część 22"
        }, 
        {
            "idef_sort": "0020-0002", 
            "name": "ROZWÓJ REGIONALNY", 
            "parent": "20", 
            "v_eu": 618489, 
            "parent_sort": "0020", 
            "idef": "20-2", 
            "level": "b", 
            "czesc": "34 ", 
            "leaf": true, 
            "type": "Część 34"
        }, 
        {
            "idef_sort": "0021", 
            "name": "Regionalny Program Operacyjny Województwa Zachodniopomorskiego na lata 2007-2013", 
            "parent": null, 
            "v_eu": 320144, 
            "parent_sort": null, 
            "idef": "21", 
            "level": "a", 
            "czesc": null, 
            "leaf": false, 
            "type": "Program 21"
        }, 
        {
            "idef_sort": "0021-0001", 
            "name": "Regionalny Program Operacyjny Województwa\nZachodniopomorskiego na lata 2007-2013", 
            "parent": "21", 
            "v_eu": 5802, 
            "parent_sort": "0021", 
            "idef": "21-1", 
            "level": "b", 
            "czesc": "22 ", 
            "leaf": true, 
            "type": "Część 22"
        }, 
        {
            "idef_sort": "0021-0002", 
            "name": "ROZWÓJ REGIONALNY", 
            "parent": "21", 
            "v_eu": 307970, 
            "parent_sort": "0021", 
            "idef": "21-2", 
            "level": "b", 
            "czesc": "34 ", 
            "leaf": true, 
            "type": "Część 34"
        }, 
        {
            "idef_sort": "0021-0004", 
            "name": "Budżety wojewodów ogółem: Zachodniopomorskie", 
            "parent": "21", 
            "v_eu": 6372, 
            "parent_sort": "0021", 
            "idef": "21-4", 
            "level": "b", 
            "czesc": "85/32", 
            "leaf": true, 
            "type": "Część 85/32"
        }, 
        {
            "idef_sort": "0024", 
            "name": "GRANTY EFS", 
            "parent": null, 
            "v_eu": 693, 
            "parent_sort": null, 
            "idef": "24", 
            "level": "a", 
            "czesc": null, 
            "leaf": false, 
            "type": "Granty 24"
        }, 
        {
            "idef_sort": "0024-0001", 
            "name": "GRANTY EFS", 
            "parent": "24", 
            "v_eu": 693, 
            "parent_sort": "0024", 
            "idef": "24-1", 
            "level": "b", 
            "czesc": "34 ", 
            "leaf": true, 
            "type": "Część 34"
        }, 
        {
            "idef_sort": "0025", 
            "name": "Szwajcarsko-Polski Program Współpracy", 
            "parent": null, 
            "v_eu": 100714, 
            "parent_sort": null, 
            "idef": "25", 
            "level": "a", 
            "czesc": null, 
            "leaf": false, 
            "type": "Program 25"
        }, 
        {
            "idef_sort": "0025-0001", 
            "name": "Szwajcarsko-Polski Program Współpracy", 
            "parent": "25", 
            "v_eu": 7309, 
            "parent_sort": "0025", 
            "idef": "25-1", 
            "level": "b", 
            "czesc": "19 ", 
            "leaf": true, 
            "type": "Część 19"
        }, 
        {
            "idef_sort": "0025-0002", 
            "name": "GOSPODARKA", 
            "parent": "25", 
            "v_eu": 4839, 
            "parent_sort": "0025", 
            "idef": "25-2", 
            "level": "b", 
            "czesc": "20 ", 
            "leaf": true, 
            "type": "Część 20"
        }, 
        {
            "idef_sort": "0025-0003", 
            "name": "ROZWÓJ REGIONALNY", 
            "parent": "25", 
            "v_eu": 58063, 
            "parent_sort": "0025", 
            "idef": "25-3", 
            "level": "b", 
            "czesc": "34 ", 
            "leaf": true, 
            "type": "Część 34"
        }, 
        {
            "idef_sort": "0025-0004", 
            "name": "SPRAWY WEWNĘTRZNE", 
            "parent": "25", 
            "v_eu": 30503, 
            "parent_sort": "0025", 
            "idef": "25-4", 
            "level": "b", 
            "czesc": "42 ", 
            "leaf": true, 
            "type": "Część 42"
        }, 
        {
            "idef_sort": "0026", 
            "name": "Program Operacyjny Zrównoważony Rozwój Sektora Rybołówstwa i Nadbrzeżnych Obszarów Rybackich", 
            "parent": null, 
            "v_eu": 356502, 
            "parent_sort": null, 
            "idef": "26", 
            "level": "a", 
            "czesc": null, 
            "leaf": false, 
            "type": "Program 26"
        }, 
        {
            "idef_sort": "0026-0001", 
            "name": "Program Operacyjny ZrównowaŜony Rozwój Sektora Rybołówstwa i\nNadbrzeŜnych Obszarów Rybackich", 
            "parent": "26", 
            "v_eu": 356502, 
            "parent_sort": "0026", 
            "idef": "26-1", 
            "level": "b", 
            "czesc": "62 ", 
            "leaf": true, 
            "type": "Część 62"
        }, 
        {
            "idef_sort": "0027", 
            "name": "Wspólna Polityka Rolna", 
            "parent": null, 
            "v_eu": 18583060, 
            "parent_sort": null, 
            "idef": "27", 
            "level": "a", 
            "czesc": null, 
            "leaf": false, 
            "type": "Program 27"
        }, 
        {
            "idef_sort": "0027-0003", 
            "name": "ROZWÓJ WSI", 
            "parent": "27", 
            "v_eu": 17710415, 
            "parent_sort": "0027", 
            "idef": "27-3", 
            "level": "b", 
            "czesc": "33 ", 
            "leaf": true, 
            "type": "Część 33"
        }, 
        {
            "idef_sort": "0027-0004", 
            "name": "RYNKI ROLNE", 
            "parent": "27", 
            "v_eu": 550000, 
            "parent_sort": "0027", 
            "idef": "27-4", 
            "level": "b", 
            "czesc": "35 ", 
            "leaf": true, 
            "type": "Część 35"
        }, 
        {
            "idef_sort": "0027-0006", 
            "name": "Budżety wojewodów ogółem: Dolnośląskie", 
            "parent": "27", 
            "v_eu": 40468, 
            "parent_sort": "0027", 
            "idef": "27-6", 
            "level": "b", 
            "czesc": "85/02", 
            "leaf": true, 
            "type": "Część 85/02"
        }, 
        {
            "idef_sort": "0027-0007", 
            "name": "Budżety wojewodów ogółem: Kujawsko-pomorskie", 
            "parent": "27", 
            "v_eu": 14625, 
            "parent_sort": "0027", 
            "idef": "27-7", 
            "level": "b", 
            "czesc": "85/04", 
            "leaf": true, 
            "type": "Część 85/04"
        }, 
        {
            "idef_sort": "0027-0008", 
            "name": "Budżety wojewodów ogółem: Lubelskie", 
            "parent": "27", 
            "v_eu": 34946, 
            "parent_sort": "0027", 
            "idef": "27-8", 
            "level": "b", 
            "czesc": "85/06", 
            "leaf": true, 
            "type": "Część 85/06"
        }, 
        {
            "idef_sort": "0027-0009", 
            "name": "Budżety wojewodów ogółem: Lubuskie", 
            "parent": "27", 
            "v_eu": 25782, 
            "parent_sort": "0027", 
            "idef": "27-9", 
            "level": "b", 
            "czesc": "85/08", 
            "leaf": true, 
            "type": "Część 85/08"
        }, 
        {
            "idef_sort": "0027-0010", 
            "name": "Budżety wojewodów ogółem: Łódzkie", 
            "parent": "27", 
            "v_eu": 6300, 
            "parent_sort": "0027", 
            "idef": "27-10", 
            "level": "b", 
            "czesc": "85/10", 
            "leaf": true, 
            "type": "Część 85/10"
        }, 
        {
            "idef_sort": "0027-0011", 
            "name": "Budżety wojewodów ogółem: Małopolskie", 
            "parent": "27", 
            "v_eu": 15730, 
            "parent_sort": "0027", 
            "idef": "27-11", 
            "level": "b", 
            "czesc": "85/12", 
            "leaf": true, 
            "type": "Część 85/12"
        }, 
        {
            "idef_sort": "0027-0012", 
            "name": "Budżety wojewodów ogółem: Mazowieckie", 
            "parent": "27", 
            "v_eu": 35589, 
            "parent_sort": "0027", 
            "idef": "27-12", 
            "level": "b", 
            "czesc": "85/14", 
            "leaf": true, 
            "type": "Część 85/14"
        }, 
        {
            "idef_sort": "0027-0013", 
            "name": "Budżety wojewodów ogółem: Opolskie", 
            "parent": "27", 
            "v_eu": 7556, 
            "parent_sort": "0027", 
            "idef": "27-13", 
            "level": "b", 
            "czesc": "85/16", 
            "leaf": true, 
            "type": "Część 85/16"
        }, 
        {
            "idef_sort": "0027-0014", 
            "name": "Budżety wojewodów ogółem: Podkarpackie", 
            "parent": "27", 
            "v_eu": 3339, 
            "parent_sort": "0027", 
            "idef": "27-14", 
            "level": "b", 
            "czesc": "85/18", 
            "leaf": true, 
            "type": "Część 85/18"
        }, 
        {
            "idef_sort": "0027-0015", 
            "name": "Budżety wojewodów ogółem: Podlaskie", 
            "parent": "27", 
            "v_eu": 14035, 
            "parent_sort": "0027", 
            "idef": "27-15", 
            "level": "b", 
            "czesc": "85/20", 
            "leaf": true, 
            "type": "Część 85/20"
        }, 
        {
            "idef_sort": "0027-0016", 
            "name": "Budżety wojewodów ogółem: Pomorskie", 
            "parent": "27", 
            "v_eu": 20836, 
            "parent_sort": "0027", 
            "idef": "27-16", 
            "level": "b", 
            "czesc": "85/22", 
            "leaf": true, 
            "type": "Część 85/22"
        }, 
        {
            "idef_sort": "0027-0017", 
            "name": "Budżety wojewodów ogółem: Śląskie", 
            "parent": "27", 
            "v_eu": 22194, 
            "parent_sort": "0027", 
            "idef": "27-17", 
            "level": "b", 
            "czesc": "85/24", 
            "leaf": true, 
            "type": "Część 85/24"
        }, 
        {
            "idef_sort": "0027-0018", 
            "name": "Budżety wojewodów ogółem: Świętokrzyskie", 
            "parent": "27", 
            "v_eu": 13252, 
            "parent_sort": "0027", 
            "idef": "27-18", 
            "level": "b", 
            "czesc": "85/26", 
            "leaf": true, 
            "type": "Część 85/26"
        }, 
        {
            "idef_sort": "0027-0019", 
            "name": "Budżety wojewodów ogółem: Warmińsko-mazurskie", 
            "parent": "27", 
            "v_eu": 20271, 
            "parent_sort": "0027", 
            "idef": "27-19", 
            "level": "b", 
            "czesc": "85/28", 
            "leaf": true, 
            "type": "Część 85/28"
        }, 
        {
            "idef_sort": "0027-0020", 
            "name": "Budżety wojewodów ogółem: Wielkopolskie", 
            "parent": "27", 
            "v_eu": 33890, 
            "parent_sort": "0027", 
            "idef": "27-20", 
            "level": "b", 
            "czesc": "85/30", 
            "leaf": true, 
            "type": "Część 85/30"
        }, 
        {
            "idef_sort": "0027-0021", 
            "name": "Budżety wojewodów ogółem: Zachodniopomorskie", 
            "parent": "27", 
            "v_eu": 13832, 
            "parent_sort": "0027", 
            "idef": "27-21", 
            "level": "b", 
            "czesc": "85/32", 
            "leaf": true, 
            "type": "Część 85/32"
        }, 
        {
            "idef_sort": "0028", 
            "name": "Finansowanie programów z budżetu środków europejskich", 
            "parent": null, 
            "v_eu": 18583060, 
            "parent_sort": null, 
            "idef": "28", 
            "level": "a", 
            "czesc": null, 
            "leaf": false, 
            "type": "Różne rozliczenia 28"
        }, 
        {
            "idef_sort": "0028-0001", 
            "name": "Finansowanie programów z budżetu środków europejskich", 
            "parent": "28", 
            "v_eu": 36674500, 
            "parent_sort": "0028", 
            "idef": "28-1", 
            "level": "b", 
            "czesc": "83", 
            "leaf": true, 
            "type": "Część 83"
        }, 
        {
            "idef_sort": "0028-0002", 
            "name": "Finansowanie wynagrodzeń w ramach budżetu środków europejskich", 
            "parent": "28", 
            "v_eu": 29494, 
            "parent_sort": "0028", 
            "idef": "28-2", 
            "level": "b", 
            "czesc": "83", 
            "leaf": true, 
            "type": "Część 83"
        }, 
        {
            "idef_sort": "9999", 
            "name": "OGÓŁEM", 
            "parent": null, 
            "v_eu": 84004046, 
            "parent_sort": null, 
            "idef": "9999", 
            "level": "a", 
            "czesc": null, 
            "leaf": true, 
            "type": "Total"
        }
    ], 
    "response": "OK"
}