{
    "count": 50, 
    "issue": "2011", 
    "view_id": 0, 
    "request": "nfz_2011_aggr", 
    "uri": "http://otwartedane.pl/api/json/dataset/3/view/0/issue/2011/", 
    "dataset_id": 3, 
    "data": [
        {
            "centrala": 422455, 
            "zachodniopomorski": 2508464, 
            "osrodki_wojewodzkie": 57098437, 
            "idef": "A", 
            "kujawskopomorskie": 3020732, 
            "lodzki": 3898070, 
            "lubuski": 1453337, 
            "idef_sort": "A", 
            "parent_sort": null, 
            "warminskomazurski": 1993695, 
            "leaf": false, 
            "type": "A", 
            "mazowiecki": 8762582, 
            "lubelski": 3178445, 
            "ogolem": 57520892, 
            "parent": null, 
            "opolski": 1427958, 
            "swietokrzyski": 1915153, 
            "pomorski": 3332683, 
            "wielkopolski": 4907055, 
            "podlaski": 1722945, 
            "info": null, 
            "name": "Koszty świadczeń zdrowotnych,  w tym:", 
            "malopolski": 4685941, 
            "level": "a", 
            "podkarpacki": 2937791, 
            "dolnoslaskie": 4334119, 
            "slaski": 7019467
        }, 
        {
            "centrala": 0, 
            "zachodniopomorski": 335892, 
            "osrodki_wojewodzkie": 7371761, 
            "idef": "A-1", 
            "kujawskopomorskie": 410258, 
            "lodzki": 500399, 
            "lubuski": 194880, 
            "leaf": true, 
            "idef_sort": "A-001", 
            "parent_sort": "A", 
            "warminskomazurski": 274000, 
            "podlaski": 230000, 
            "type": "A.1", 
            "mazowiecki": 1011000, 
            "lubelski": 431400, 
            "ogolem": 7371761, 
            "parent": "A", 
            "opolski": 180827, 
            "swietokrzyski": 248680, 
            "pomorski": 423954, 
            "wielkopolski": 672000, 
            "info": null, 
            "name": "podstawowa opieka zdrowotna", 
            "malopolski": 620007, 
            "level": "b", 
            "podkarpacki": 399500, 
            "dolnoslaskie": 545550, 
            "slaski": 893414
        }, 
        {
            "centrala": 0, 
            "zachodniopomorski": 183561, 
            "osrodki_wojewodzkie": 4236970, 
            "idef": "A-2", 
            "kujawskopomorskie": 227342, 
            "lodzki": 242265, 
            "lubuski": 98380, 
            "leaf": true, 
            "idef_sort": "A-002", 
            "parent_sort": "A", 
            "warminskomazurski": 145338, 
            "podlaski": 137221, 
            "type": "A.2", 
            "mazowiecki": 662374, 
            "lubelski": 215000, 
            "ogolem": 4236970, 
            "parent": "A", 
            "opolski": 101000, 
            "swietokrzyski": 106736, 
            "pomorski": 271000, 
            "wielkopolski": 376489, 
            "info": null, 
            "name": "ambulatoryjna opieka specjalistyczna", 
            "malopolski": 337858, 
            "level": "b", 
            "podkarpacki": 200500, 
            "dolnoslaskie": 345188, 
            "slaski": 586718
        }, 
        {
            "centrala": 0, 
            "zachodniopomorski": 1082948, 
            "osrodki_wojewodzkie": 24629488, 
            "idef": "A-3", 
            "kujawskopomorskie": 1281807, 
            "lodzki": 1683637, 
            "lubuski": 546453, 
            "idef_sort": "A-003", 
            "parent_sort": "A", 
            "warminskomazurski": 774616, 
            "podlaski": 746063, 
            "type": "A.3", 
            "mazowiecki": 4135340, 
            "lubelski": 1367962, 
            "ogolem": 24629488, 
            "parent": "A", 
            "opolski": 570095, 
            "swietokrzyski": 750000, 
            "pomorski": 1423373, 
            "wielkopolski": 2138350, 
            "info": [
                {
                    "centrala": 0, 
                    "zachodniopomorski": 53533, 
                    "osrodki_wojewodzkie": 1533515, 
                    "idef": "A-3-1", 
                    "kujawskopomorskie": 80972, 
                    "lodzki": 94000, 
                    "lubuski": 27000, 
                    "idef_sort": "A-003-001", 
                    "parent_sort": "A-003", 
                    "warminskomazurski": 42041, 
                    "podlaski": 42007, 
                    "type": "A.3.1", 
                    "mazowiecki": 302596, 
                    "lubelski": 68500, 
                    "ogolem": 1533515, 
                    "parent": "A-3", 
                    "opolski": 36000, 
                    "swietokrzyski": 51790, 
                    "pomorski": 73758, 
                    "wielkopolski": 118637, 
                    "name": "programy terapeutyczne (lekowe)", 
                    "malopolski": 156672, 
                    "level": "c", 
                    "podkarpacki": 78177, 
                    "slaski": 187566, 
                    "dolnoslaskie": 120266, 
                    "leaf": true
                }
            ], 
            "name": "leczenie szpitalne, w tym:", 
            "malopolski": 1983210, 
            "level": "b", 
            "podkarpacki": 1203070, 
            "slaski": 3017994, 
            "dolnoslaskie": 1924570, 
            "leaf": true
        }, 
        {
            "centrala": 0, 
            "zachodniopomorski": 67798, 
            "osrodki_wojewodzkie": 1824807, 
            "idef": "A-4", 
            "kujawskopomorskie": 92884, 
            "lodzki": 117699, 
            "lubuski": 77918, 
            "leaf": true, 
            "idef_sort": "A-004", 
            "parent_sort": "A", 
            "warminskomazurski": 61762, 
            "podlaski": 62409, 
            "type": "A.4", 
            "mazowiecki": 304442, 
            "lubelski": 101500, 
            "ogolem": 1824807, 
            "parent": "A", 
            "opolski": 43700, 
            "swietokrzyski": 53620, 
            "pomorski": 114000, 
            "wielkopolski": 146947, 
            "info": null, 
            "name": "opieka psychiatryczna i leczenie uzależnień", 
            "malopolski": 125319, 
            "level": "b", 
            "podkarpacki": 85066, 
            "dolnoslaskie": 139008, 
            "slaski": 230735
        }, 
        {
            "centrala": 0, 
            "zachodniopomorski": 64652, 
            "osrodki_wojewodzkie": 1695257, 
            "idef": "A-5", 
            "kujawskopomorskie": 73863, 
            "lodzki": 95963, 
            "lubuski": 39452, 
            "leaf": true, 
            "idef_sort": "A-005", 
            "parent_sort": "A", 
            "warminskomazurski": 53573, 
            "podlaski": 37643, 
            "type": "A.5", 
            "mazowiecki": 363759, 
            "lubelski": 84150, 
            "ogolem": 1695257, 
            "parent": "A", 
            "opolski": 43000, 
            "swietokrzyski": 52710, 
            "pomorski": 83800, 
            "wielkopolski": 130177, 
            "info": null, 
            "name": "rehabilitacja lecznicza", 
            "malopolski": 137053, 
            "level": "b", 
            "podkarpacki": 108000, 
            "dolnoslaskie": 127676, 
            "slaski": 199786
        }, 
        {
            "centrala": 0, 
            "zachodniopomorski": 33707, 
            "osrodki_wojewodzkie": 926044, 
            "idef": "A-6", 
            "kujawskopomorskie": 35238, 
            "lodzki": 43799, 
            "lubuski": 18346, 
            "leaf": true, 
            "idef_sort": "A-006", 
            "parent_sort": "A", 
            "warminskomazurski": 25319, 
            "podlaski": 21413, 
            "type": "A.6", 
            "mazowiecki": 129345, 
            "lubelski": 39400, 
            "ogolem": 926044, 
            "parent": "A", 
            "opolski": 42200, 
            "swietokrzyski": 25000, 
            "pomorski": 32000, 
            "wielkopolski": 57919, 
            "info": null, 
            "name": "świadczenia pielęgnacyjne i opiekuńcze w ramach opieki długoterminowej", 
            "malopolski": 98409, 
            "level": "b", 
            "podkarpacki": 71453, 
            "dolnoslaskie": 81008, 
            "slaski": 171488
        }, 
        {
            "centrala": 0, 
            "zachodniopomorski": 6817, 
            "osrodki_wojewodzkie": 282782, 
            "idef": "A-7", 
            "kujawskopomorskie": 22632, 
            "lodzki": 16576, 
            "lubuski": 8020, 
            "leaf": true, 
            "idef_sort": "A-007", 
            "parent_sort": "A", 
            "warminskomazurski": 12970, 
            "podlaski": 7474, 
            "type": "A.7", 
            "mazowiecki": 37242, 
            "lubelski": 12700, 
            "ogolem": 282782, 
            "parent": "A", 
            "opolski": 8000, 
            "swietokrzyski": 9000, 
            "pomorski": 18000, 
            "wielkopolski": 37002, 
            "info": null, 
            "name": "opieka paliatywna i hospicyjna", 
            "malopolski": 22403, 
            "level": "b", 
            "podkarpacki": 14324, 
            "dolnoslaskie": 18640, 
            "slaski": 30982
        }, 
        {
            "centrala": 0, 
            "zachodniopomorski": 87765, 
            "osrodki_wojewodzkie": 1753623, 
            "idef": "A-8", 
            "kujawskopomorskie": 94822, 
            "lodzki": 117895, 
            "lubuski": 52500, 
            "leaf": true, 
            "idef_sort": "A-008", 
            "parent_sort": "A", 
            "warminskomazurski": 75185, 
            "podlaski": 61525, 
            "type": "A.8", 
            "mazowiecki": 210173, 
            "lubelski": 112000, 
            "ogolem": 1753623, 
            "parent": "A", 
            "opolski": 47000, 
            "swietokrzyski": 54000, 
            "pomorski": 101000, 
            "wielkopolski": 148307, 
            "info": null, 
            "name": "leczenie stomatologiczne", 
            "malopolski": 165895, 
            "level": "b", 
            "podkarpacki": 97500, 
            "dolnoslaskie": 118746, 
            "slaski": 209310
        }, 
        {
            "centrala": 0, 
            "zachodniopomorski": 18123, 
            "osrodki_wojewodzkie": 574345, 
            "idef": "A-9", 
            "kujawskopomorskie": 28698, 
            "lodzki": 46304, 
            "lubuski": 11000, 
            "leaf": true, 
            "idef_sort": "A-009", 
            "parent_sort": "A", 
            "warminskomazurski": 14000, 
            "podlaski": 16200, 
            "type": "A.9", 
            "mazowiecki": 95731, 
            "lubelski": 38100, 
            "ogolem": 574345, 
            "parent": "A", 
            "opolski": 13500, 
            "swietokrzyski": 23000, 
            "pomorski": 27000, 
            "wielkopolski": 49000, 
            "info": null, 
            "name": "lecznictwo uzdrowiskowe", 
            "malopolski": 43334, 
            "level": "b", 
            "podkarpacki": 28355, 
            "dolnoslaskie": 52000, 
            "slaski": 70000
        }, 
        {
            "centrala": 0, 
            "zachodniopomorski": 1748, 
            "osrodki_wojewodzkie": 38044, 
            "idef": "A-10", 
            "kujawskopomorskie": 2270, 
            "lodzki": 2025, 
            "lubuski": 2200, 
            "leaf": true, 
            "idef_sort": "A-010", 
            "parent_sort": "A", 
            "warminskomazurski": 2300, 
            "podlaski": 1220, 
            "type": "A.10", 
            "mazowiecki": 5439, 
            "lubelski": 2500, 
            "ogolem": 38044, 
            "parent": "A", 
            "opolski": 1400, 
            "swietokrzyski": 1300, 
            "pomorski": 1197, 
            "wielkopolski": 2500, 
            "info": null, 
            "name": "pomoc doraźna i transport sanitarny", 
            "malopolski": 1701, 
            "level": "b", 
            "podkarpacki": 2483, 
            "dolnoslaskie": 3700, 
            "slaski": 4061
        }, 
        {
            "centrala": 0, 
            "zachodniopomorski": 6625, 
            "osrodki_wojewodzkie": 135464, 
            "idef": "A-11", 
            "kujawskopomorskie": 7896, 
            "lodzki": 9068, 
            "lubuski": 4010, 
            "leaf": true, 
            "idef_sort": "A-011", 
            "parent_sort": "A", 
            "warminskomazurski": 6963, 
            "podlaski": 4474, 
            "type": "A.11", 
            "mazowiecki": 15463, 
            "lubelski": 7900, 
            "ogolem": 135464, 
            "parent": "A", 
            "opolski": 4300, 
            "swietokrzyski": 4700, 
            "pomorski": 9200, 
            "wielkopolski": 9853, 
            "info": null, 
            "name": "koszty profilaktycznych programów zdrowotnych finansowanych ze środków własnych Funduszu", 
            "malopolski": 7987, 
            "level": "b", 
            "podkarpacki": 5696, 
            "dolnoslaskie": 11292, 
            "slaski": 20037
        }, 
        {
            "centrala": 0, 
            "zachodniopomorski": 64517, 
            "osrodki_wojewodzkie": 1375113, 
            "idef": "A-12", 
            "kujawskopomorskie": 93203, 
            "lodzki": 107367, 
            "lubuski": 33020, 
            "leaf": true, 
            "idef_sort": "A-012", 
            "parent_sort": "A", 
            "warminskomazurski": 42021, 
            "podlaski": 30177, 
            "type": "A.12", 
            "mazowiecki": 206002, 
            "lubelski": 71000, 
            "ogolem": 1375113, 
            "parent": "A", 
            "opolski": 31000, 
            "swietokrzyski": 40000, 
            "pomorski": 80800, 
            "wielkopolski": 125532, 
            "info": null, 
            "name": "świadczenia zdrowotne kontraktowane odrębnie", 
            "malopolski": 115733, 
            "level": "b", 
            "podkarpacki": 68510, 
            "dolnoslaskie": 102531, 
            "slaski": 163700
        }, 
        {
            "centrala": 0, 
            "zachodniopomorski": 26873, 
            "osrodki_wojewodzkie": 600991, 
            "idef": "A-13", 
            "kujawskopomorskie": 32120, 
            "lodzki": 37438, 
            "lubuski": 16000, 
            "leaf": true, 
            "idef_sort": "A-013", 
            "parent_sort": "A", 
            "warminskomazurski": 22500, 
            "podlaski": 19000, 
            "type": "A.13", 
            "mazowiecki": 80000, 
            "lubelski": 33000, 
            "ogolem": 600991, 
            "parent": "A", 
            "opolski": 18500, 
            "swietokrzyski": 21000, 
            "pomorski": 32000, 
            "wielkopolski": 51000, 
            "info": null, 
            "name": "zaopatrzenie w sprzęt ortopedyczny, środki pomocnicze i lecznicze środki techniczne", 
            "malopolski": 54200, 
            "level": "b", 
            "podkarpacki": 32000, 
            "dolnoslaskie": 46250, 
            "slaski": 79110
        }, 
        {
            "centrala": 0, 
            "zachodniopomorski": 389676, 
            "osrodki_wojewodzkie": 8704097, 
            "idef": "A-14", 
            "kujawskopomorskie": 494467, 
            "lodzki": 639298, 
            "lubuski": 208621, 
            "idef_sort": "A-014", 
            "parent_sort": "A", 
            "warminskomazurski": 297379, 
            "podlaski": 252000, 
            "type": "A.14", 
            "mazowiecki": 1283382, 
            "lubelski": 483800, 
            "ogolem": 8704097, 
            "parent": "A", 
            "opolski": 203300, 
            "swietokrzyski": 284526, 
            "pomorski": 550729, 
            "wielkopolski": 762761, 
            "info": [
                {
                    "centrala": 0, 
                    "zachodniopomorski": 739, 
                    "osrodki_wojewodzkie": 26120, 
                    "idef": "A-14-1", 
                    "kujawskopomorskie": 711, 
                    "lodzki": 600, 
                    "lubuski": 400, 
                    "idef_sort": "A-014-001", 
                    "parent_sort": "A-014", 
                    "warminskomazurski": 1500, 
                    "podlaski": 2000, 
                    "type": "A.14.1", 
                    "mazowiecki": 4421, 
                    "lubelski": 2000, 
                    "ogolem": 26120, 
                    "parent": "A-14", 
                    "opolski": 700, 
                    "swietokrzyski": 580, 
                    "pomorski": 500, 
                    "wielkopolski": 1000, 
                    "name": "refundacja cen leków, o których mowa w art. 36 ust. 4 ustawy", 
                    "malopolski": 4000, 
                    "level": "c", 
                    "podkarpacki": 2000, 
                    "slaski": 1946, 
                    "dolnoslaskie": 3023, 
                    "leaf": true
                }
            ], 
            "name": "refundacja cen leków, w tym:", 
            "malopolski": 734000, 
            "level": "b", 
            "podkarpacki": 409585, 
            "slaski": 1086637, 
            "dolnoslaskie": 623936, 
            "leaf": true
        }, 
        {
            "centrala": 416000, 
            "zachodniopomorski": 0, 
            "osrodki_wojewodzkie": 0, 
            "idef": "A-15", 
            "kujawskopomorskie": 0, 
            "lodzki": 0, 
            "lubuski": 0, 
            "leaf": true, 
            "idef_sort": "A-015", 
            "parent_sort": "A", 
            "warminskomazurski": 0, 
            "podlaski": 0, 
            "type": "A.15", 
            "mazowiecki": 0, 
            "lubelski": 0, 
            "ogolem": 416000, 
            "parent": "A", 
            "opolski": 0, 
            "swietokrzyski": 0, 
            "pomorski": 0, 
            "wielkopolski": 0, 
            "info": null, 
            "name": "rezerwa na koszty realizacji zadań wynikajacych z przepisów o koordynacji", 
            "malopolski": 0, 
            "level": "b", 
            "podkarpacki": 0, 
            "dolnoslaskie": 0, 
            "slaski": 0
        }, 
        {
            "centrala": 6455, 
            "zachodniopomorski": 0, 
            "osrodki_wojewodzkie": 0, 
            "idef": "A-16", 
            "kujawskopomorskie": 0, 
            "lodzki": 0, 
            "lubuski": 0, 
            "leaf": true, 
            "idef_sort": "A-016", 
            "parent_sort": "A", 
            "warminskomazurski": 0, 
            "podlaski": 0, 
            "type": "A.16", 
            "mazowiecki": 0, 
            "lubelski": 0, 
            "ogolem": 6455, 
            "parent": "A", 
            "opolski": 0, 
            "swietokrzyski": 0, 
            "pomorski": 0, 
            "wielkopolski": 0, 
            "info": null, 
            "name": "rezerwa na pokrycie kosztów świadczeń zdrowotnych oraz refundacji cen leków", 
            "malopolski": 0, 
            "level": "b", 
            "podkarpacki": 0, 
            "dolnoslaskie": 0, 
            "slaski": 0
        }, 
        {
            "centrala": 0, 
            "zachodniopomorski": 135522, 
            "osrodki_wojewodzkie": 2787589, 
            "idef": "A-17", 
            "kujawskopomorskie": 123131, 
            "lodzki": 228337, 
            "lubuski": 140337, 
            "leaf": true, 
            "idef_sort": "A-017", 
            "parent_sort": "A", 
            "warminskomazurski": 185769, 
            "podlaski": 95892, 
            "type": "A.17", 
            "mazowiecki": 217798, 
            "lubelski": 177743, 
            "ogolem": 2787589, 
            "parent": "A", 
            "opolski": 119236, 
            "swietokrzyski": 164981, 
            "pomorski": 164060, 
            "wielkopolski": 199218, 
            "info": null, 
            "name": "rezerwa na koszty świadczeń opieki zdrowotnej w ramach migracji ubezpieczonych", 
            "malopolski": 238832, 
            "level": "b", 
            "podkarpacki": 204214, 
            "dolnoslaskie": 187024, 
            "slaski": 205495
        }, 
        {
            "centrala": 0, 
            "zachodniopomorski": 2240, 
            "osrodki_wojewodzkie": 162062, 
            "idef": "A-18", 
            "kujawskopomorskie": 101, 
            "lodzki": 10000, 
            "lubuski": 2200, 
            "leaf": true, 
            "idef_sort": "A-018", 
            "parent_sort": "A", 
            "warminskomazurski": 0, 
            "podlaski": 234, 
            "type": "A.18", 
            "mazowiecki": 5092, 
            "lubelski": 290, 
            "ogolem": 162062, 
            "parent": "A", 
            "opolski": 900, 
            "swietokrzyski": 75900, 
            "pomorski": 570, 
            "wielkopolski": 0, 
            "info": null, 
            "name": "koszty świadczeń zdrowotnych z lat ubiegłych", 
            "malopolski": 0, 
            "level": "b", 
            "podkarpacki": 7535, 
            "dolnoslaskie": 7000, 
            "slaski": 50000
        }, 
        {
            "centrala": 0, 
            "zachodniopomorski": 0, 
            "osrodki_wojewodzkie": 0, 
            "idef": "B", 
            "kujawskopomorskie": 0, 
            "lodzki": 0, 
            "lubuski": 0, 
            "leaf": true, 
            "idef_sort": "B", 
            "parent_sort": null, 
            "warminskomazurski": 0, 
            "podlaski": 0, 
            "type": "B", 
            "mazowiecki": 0, 
            "lubelski": 0, 
            "ogolem": 0, 
            "parent": null, 
            "opolski": 0, 
            "swietokrzyski": 0, 
            "pomorski": 0, 
            "wielkopolski": 0, 
            "info": null, 
            "name": "Koszty programów polityki zdrowotnej realizowanych na zlecenie ", 
            "malopolski": 0, 
            "level": "a", 
            "podkarpacki": 0, 
            "dolnoslaskie": 0, 
            "slaski": 0
        }, 
        {
            "centrala": 0, 
            "zachodniopomorski": 94058, 
            "osrodki_wojewodzkie": 1730500, 
            "idef": "C", 
            "kujawskopomorskie": 103057, 
            "lodzki": 113453, 
            "lubuski": 61485, 
            "leaf": true, 
            "idef_sort": "C", 
            "parent_sort": null, 
            "warminskomazurski": 86400, 
            "podlaski": 63930, 
            "type": "C", 
            "mazowiecki": 218521, 
            "lubelski": 106201, 
            "ogolem": 1730500, 
            "parent": null, 
            "opolski": 48908, 
            "swietokrzyski": 53100, 
            "pomorski": 97188, 
            "wielkopolski": 135546, 
            "info": null, 
            "name": "Koszty realizacji zadań zespołów ratownictwa medycznego", 
            "malopolski": 129607, 
            "level": "a", 
            "podkarpacki": 100094, 
            "dolnoslaskie": 131354, 
            "slaski": 187598
        }, 
        {
            "centrala": 180514, 
            "zachodniopomorski": 21517, 
            "osrodki_wojewodzkie": 466724, 
            "idef": "D", 
            "kujawskopomorskie": 25394, 
            "lodzki": 27418, 
            "lubuski": 16425, 
            "idef_sort": "D", 
            "parent_sort": null, 
            "warminskomazurski": 18985, 
            "leaf": false, 
            "type": "D", 
            "mazowiecki": 65162, 
            "lubelski": 24974, 
            "ogolem": 647238, 
            "parent": null, 
            "opolski": 14477, 
            "swietokrzyski": 16431, 
            "pomorski": 29367, 
            "wielkopolski": 42079, 
            "podlaski": 14611, 
            "info": null, 
            "name": "Koszty administracyjne, w tym", 
            "malopolski": 35969, 
            "level": "a", 
            "podkarpacki": 22345, 
            "dolnoslaskie": 33957, 
            "slaski": 57613
        }, 
        {
            "centrala": 4146, 
            "zachodniopomorski": 849, 
            "osrodki_wojewodzkie": 18129, 
            "idef": "D-1", 
            "kujawskopomorskie": 921, 
            "lodzki": 920, 
            "lubuski": 621, 
            "leaf": true, 
            "idef_sort": "D-001", 
            "parent_sort": "D", 
            "warminskomazurski": 749, 
            "podlaski": 571, 
            "type": "D.1", 
            "mazowiecki": 1990, 
            "lubelski": 652, 
            "ogolem": 22275, 
            "parent": "D", 
            "opolski": 850, 
            "swietokrzyski": 707, 
            "pomorski": 1389, 
            "wielkopolski": 2122, 
            "info": null, 
            "name": "zużycie materiałów i energii", 
            "malopolski": 1284, 
            "level": "b", 
            "podkarpacki": 881, 
            "dolnoslaskie": 1330, 
            "slaski": 2293
        }, 
        {
            "centrala": 78361, 
            "zachodniopomorski": 2143, 
            "osrodki_wojewodzkie": 58576, 
            "idef": "D-2", 
            "kujawskopomorskie": 3192, 
            "lodzki": 3675, 
            "lubuski": 1803, 
            "leaf": true, 
            "idef_sort": "D-002", 
            "parent_sort": "D", 
            "warminskomazurski": 1750, 
            "podlaski": 934, 
            "type": "D.2", 
            "mazowiecki": 11238, 
            "lubelski": 2351, 
            "ogolem": 136937, 
            "parent": "D", 
            "opolski": 1900, 
            "swietokrzyski": 1760, 
            "pomorski": 2982, 
            "wielkopolski": 7372, 
            "info": null, 
            "name": "usługi obce", 
            "malopolski": 4327, 
            "level": "b", 
            "podkarpacki": 2269, 
            "dolnoslaskie": 4123, 
            "slaski": 6757
        }, 
        {
            "centrala": 382, 
            "zachodniopomorski": 213, 
            "osrodki_wojewodzkie": 3632, 
            "idef": "D-3", 
            "kujawskopomorskie": 186, 
            "lodzki": 278, 
            "lubuski": 127, 
            "idef_sort": "D-003", 
            "parent_sort": "D", 
            "warminskomazurski": 65, 
            "leaf": false, 
            "type": "D.3", 
            "mazowiecki": 407, 
            "lubelski": 211, 
            "ogolem": 4014, 
            "parent": "D", 
            "opolski": 104, 
            "swietokrzyski": 50, 
            "pomorski": 243, 
            "wielkopolski": 334, 
            "podlaski": 190, 
            "info": null, 
            "name": "podatki i opłaty, w tym:", 
            "malopolski": 223, 
            "level": "b", 
            "podkarpacki": 106, 
            "dolnoslaskie": 280, 
            "slaski": 615
        }, 
        {
            "centrala": 36, 
            "zachodniopomorski": 25, 
            "osrodki_wojewodzkie": 460, 
            "idef": "D-3-1", 
            "kujawskopomorskie": 24, 
            "lodzki": 10, 
            "lubuski": 27, 
            "idef_sort": "D-003-001", 
            "parent_sort": "D-003", 
            "warminskomazurski": 32, 
            "podlaski": 15, 
            "type": "D.3.1", 
            "mazowiecki": 25, 
            "lubelski": 26, 
            "ogolem": 496, 
            "parent": "D-3", 
            "opolski": 0, 
            "swietokrzyski": 3, 
            "pomorski": 34, 
            "wielkopolski": 42, 
            "info": [
                {
                    "centrala": 36, 
                    "zachodniopomorski": 25, 
                    "osrodki_wojewodzkie": 436, 
                    "idef": "D-3-1-1", 
                    "kujawskopomorskie": 24, 
                    "lodzki": 10, 
                    "lubuski": 27, 
                    "idef_sort": "D-003-001-001", 
                    "parent_sort": "D-003-001", 
                    "warminskomazurski": 29, 
                    "podlaski": 15, 
                    "type": "D.3.1.1", 
                    "mazowiecki": 25, 
                    "lubelski": 26, 
                    "ogolem": 472, 
                    "parent": "D-3-1", 
                    "opolski": 0, 
                    "swietokrzyski": 3, 
                    "pomorski": 34, 
                    "wielkopolski": 42, 
                    "name": "podatek od nieruchomości", 
                    "malopolski": 20, 
                    "level": "d", 
                    "podkarpacki": 23, 
                    "slaski": 75, 
                    "dolnoslaskie": 58, 
                    "leaf": true
                }
            ], 
            "name": "podatki stanowiące dochody własne jednostek samorządu terytorialnego, w tym:", 
            "malopolski": 20, 
            "level": "c", 
            "podkarpacki": 23, 
            "slaski": 75, 
            "dolnoslaskie": 79, 
            "leaf": true
        }, 
        {
            "centrala": 27, 
            "zachodniopomorski": 6, 
            "osrodki_wojewodzkie": 97, 
            "idef": "D-3-2", 
            "kujawskopomorskie": 5, 
            "lodzki": 0, 
            "lubuski": 0, 
            "leaf": true, 
            "idef_sort": "D-003-002", 
            "parent_sort": "D-003", 
            "warminskomazurski": 0, 
            "podlaski": 33, 
            "type": "D.3.2", 
            "mazowiecki": 37, 
            "lubelski": 0, 
            "ogolem": 124, 
            "parent": "D-3", 
            "opolski": 0, 
            "swietokrzyski": 3, 
            "pomorski": 0, 
            "wielkopolski": 0, 
            "info": null, 
            "name": "opłaty stanowiące dochody własne jednostek samorządu terytorialnego", 
            "malopolski": 0, 
            "level": "c", 
            "podkarpacki": 0, 
            "dolnoslaskie": 13, 
            "slaski": 0
        }, 
        {
            "centrala": 0, 
            "zachodniopomorski": 0, 
            "osrodki_wojewodzkie": 20, 
            "idef": "D-3-3", 
            "kujawskopomorskie": 0, 
            "lodzki": 0, 
            "lubuski": 0, 
            "leaf": true, 
            "idef_sort": "D-003-003", 
            "parent_sort": "D-003", 
            "warminskomazurski": 0, 
            "podlaski": 0, 
            "type": "D.3.3", 
            "mazowiecki": 0, 
            "lubelski": 0, 
            "ogolem": 20, 
            "parent": "D-3", 
            "opolski": 0, 
            "swietokrzyski": 0, 
            "pomorski": 6, 
            "wielkopolski": 0, 
            "info": null, 
            "name": "VAT", 
            "malopolski": 0, 
            "level": "c", 
            "podkarpacki": 0, 
            "dolnoslaskie": 1, 
            "slaski": 13
        }, 
        {
            "centrala": 0, 
            "zachodniopomorski": 0, 
            "osrodki_wojewodzkie": 0, 
            "idef": "D-3-4", 
            "kujawskopomorskie": 0, 
            "lodzki": 0, 
            "lubuski": 0, 
            "leaf": true, 
            "idef_sort": "D-003-004", 
            "parent_sort": "D-003", 
            "warminskomazurski": 0, 
            "podlaski": 0, 
            "type": "D.3.4", 
            "mazowiecki": 0, 
            "lubelski": 0, 
            "ogolem": 0, 
            "parent": "D-3", 
            "opolski": 0, 
            "swietokrzyski": 0, 
            "pomorski": 0, 
            "wielkopolski": 0, 
            "info": null, 
            "name": "podatek akcyzowy", 
            "malopolski": 0, 
            "level": "c", 
            "podkarpacki": 0, 
            "dolnoslaskie": 0, 
            "slaski": 0
        }, 
        {
            "centrala": 316, 
            "zachodniopomorski": 162, 
            "osrodki_wojewodzkie": 2838, 
            "idef": "D-3-5", 
            "kujawskopomorskie": 152, 
            "lodzki": 265, 
            "lubuski": 100, 
            "leaf": true, 
            "idef_sort": "D-003-005", 
            "parent_sort": "D-003", 
            "warminskomazurski": 30, 
            "podlaski": 137, 
            "type": "D.3.5", 
            "mazowiecki": 320, 
            "lubelski": 177, 
            "ogolem": 3154, 
            "parent": "D-3", 
            "opolski": 102, 
            "swietokrzyski": 44, 
            "pomorski": 191, 
            "wielkopolski": 228, 
            "info": null, 
            "name": "wpłaty na PFRON", 
            "malopolski": 185, 
            "level": "c", 
            "podkarpacki": 53, 
            "dolnoslaskie": 186, 
            "slaski": 506
        }, 
        {
            "centrala": 3, 
            "zachodniopomorski": 20, 
            "osrodki_wojewodzkie": 217, 
            "idef": "D-3-6", 
            "kujawskopomorskie": 5, 
            "lodzki": 3, 
            "lubuski": 0, 
            "leaf": true, 
            "idef_sort": "D-003-006", 
            "parent_sort": "D-003", 
            "warminskomazurski": 3, 
            "podlaski": 5, 
            "type": "D.3.6", 
            "mazowiecki": 25, 
            "lubelski": 8, 
            "ogolem": 220, 
            "parent": "D-3", 
            "opolski": 2, 
            "swietokrzyski": 0, 
            "pomorski": 12, 
            "wielkopolski": 64, 
            "info": null, 
            "name": "inne", 
            "malopolski": 18, 
            "level": "c", 
            "podkarpacki": 30, 
            "dolnoslaskie": 1, 
            "slaski": 21
        }, 
        {
            "centrala": 30855, 
            "zachodniopomorski": 12134, 
            "osrodki_wojewodzkie": 269491, 
            "idef": "D-4", 
            "kujawskopomorskie": 13744, 
            "lodzki": 16636, 
            "lubuski": 7964, 
            "leaf": true, 
            "idef_sort": "D-004", 
            "parent_sort": "D", 
            "warminskomazurski": 10416, 
            "podlaski": 9054, 
            "type": "D.4", 
            "mazowiecki": 38918, 
            "lubelski": 14274, 
            "ogolem": 300346, 
            "parent": "D", 
            "opolski": 8128, 
            "swietokrzyski": 9966, 
            "pomorski": 17671, 
            "wielkopolski": 21781, 
            "info": null, 
            "name": "wynagrodzenia", 
            "malopolski": 21016, 
            "level": "b", 
            "podkarpacki": 12812, 
            "dolnoslaskie": 19431, 
            "slaski": 35546
        }, 
        {
            "centrala": 7215, 
            "zachodniopomorski": 2453, 
            "osrodki_wojewodzkie": 54381, 
            "idef": "D-5", 
            "kujawskopomorskie": 2774, 
            "lodzki": 3357, 
            "lubuski": 1613, 
            "idef_sort": "D-005", 
            "parent_sort": "D", 
            "warminskomazurski": 2095, 
            "leaf": false, 
            "type": "D.5", 
            "mazowiecki": 7829, 
            "lubelski": 2879, 
            "ogolem": 61596, 
            "parent": "D", 
            "opolski": 1641, 
            "swietokrzyski": 2014, 
            "pomorski": 3582, 
            "wielkopolski": 4390, 
            "podlaski": 1833, 
            "info": null, 
            "name": "ubezpieczenie społeczne i inne świadczenia, w tym:", 
            "malopolski": 4245, 
            "level": "b", 
            "podkarpacki": 2588, 
            "dolnoslaskie": 3922, 
            "slaski": 7166
        }, 
        {
            "centrala": 4688, 
            "zachodniopomorski": 1843, 
            "osrodki_wojewodzkie": 40740, 
            "idef": "D-5-1", 
            "kujawskopomorskie": 1952, 
            "lodzki": 2527, 
            "lubuski": 1210, 
            "leaf": true, 
            "idef_sort": "D-005-001", 
            "parent_sort": "D-005", 
            "warminskomazurski": 1582, 
            "podlaski": 1375, 
            "type": "D.5.1", 
            "mazowiecki": 5912, 
            "lubelski": 2168, 
            "ogolem": 45428, 
            "parent": "D-5", 
            "opolski": 1235, 
            "swietokrzyski": 1514, 
            "pomorski": 2684, 
            "wielkopolski": 3309, 
            "info": null, 
            "name": "składki na Fundusz Ubezpieczeń Społecznych", 
            "malopolski": 3192, 
            "level": "c", 
            "podkarpacki": 1946, 
            "dolnoslaskie": 2892, 
            "slaski": 5399
        }, 
        {
            "centrala": 757, 
            "zachodniopomorski": 297, 
            "osrodki_wojewodzkie": 6603, 
            "idef": "D-5-2", 
            "kujawskopomorskie": 337, 
            "lodzki": 408, 
            "lubuski": 195, 
            "leaf": true, 
            "idef_sort": "D-005-002", 
            "parent_sort": "D-005", 
            "warminskomazurski": 255, 
            "podlaski": 222, 
            "type": "D.5.2", 
            "mazowiecki": 953, 
            "lubelski": 350, 
            "ogolem": 7360, 
            "parent": "D-5", 
            "opolski": 199, 
            "swietokrzyski": 244, 
            "pomorski": 433, 
            "wielkopolski": 534, 
            "info": null, 
            "name": "składki na Fundusz Pracy", 
            "malopolski": 515, 
            "level": "c", 
            "podkarpacki": 314, 
            "dolnoslaskie": 476, 
            "slaski": 871
        }, 
        {
            "centrala": 0, 
            "zachodniopomorski": 0, 
            "osrodki_wojewodzkie": 0, 
            "idef": "D-5-3", 
            "kujawskopomorskie": 0, 
            "lodzki": 0, 
            "lubuski": 0, 
            "leaf": true, 
            "idef_sort": "D-005-003", 
            "parent_sort": "D-005", 
            "warminskomazurski": 0, 
            "podlaski": 0, 
            "type": "D.5.3", 
            "mazowiecki": 0, 
            "lubelski": 0, 
            "ogolem": 0, 
            "parent": "D-5", 
            "opolski": 0, 
            "swietokrzyski": 0, 
            "pomorski": 0, 
            "wielkopolski": 0, 
            "info": null, 
            "name": "składki na Fundusz Gwarantowanych Świadczeń Pracowniczych", 
            "malopolski": 0, 
            "level": "c", 
            "podkarpacki": 0, 
            "dolnoslaskie": 0, 
            "slaski": 0
        }, 
        {
            "centrala": 1770, 
            "zachodniopomorski": 313, 
            "osrodki_wojewodzkie": 7038, 
            "idef": "D-5-4", 
            "kujawskopomorskie": 485, 
            "lodzki": 422, 
            "lubuski": 208, 
            "leaf": true, 
            "idef_sort": "D-005-004", 
            "parent_sort": "D-005", 
            "warminskomazurski": 258, 
            "podlaski": 236, 
            "type": "D.5.4", 
            "mazowiecki": 964, 
            "lubelski": 361, 
            "ogolem": 8808, 
            "parent": "D-5", 
            "opolski": 207, 
            "swietokrzyski": 256, 
            "pomorski": 465, 
            "wielkopolski": 547, 
            "info": null, 
            "name": "pozostałe świadczenia", 
            "malopolski": 538, 
            "level": "c", 
            "podkarpacki": 328, 
            "dolnoslaskie": 554, 
            "slaski": 896
        }, 
        {
            "centrala": 200, 
            "zachodniopomorski": 0, 
            "osrodki_wojewodzkie": 0, 
            "idef": "D-6", 
            "kujawskopomorskie": 0, 
            "lodzki": 0, 
            "lubuski": 0, 
            "leaf": true, 
            "idef_sort": "D-006", 
            "parent_sort": "D", 
            "warminskomazurski": 0, 
            "podlaski": 0, 
            "type": "D.6", 
            "mazowiecki": 0, 
            "lubelski": 0, 
            "ogolem": 200, 
            "parent": "D", 
            "opolski": 0, 
            "swietokrzyski": 0, 
            "pomorski": 0, 
            "wielkopolski": 0, 
            "info": null, 
            "name": "koszty funkcjonowania Rady Funduszu", 
            "malopolski": 0, 
            "level": "b", 
            "podkarpacki": 0, 
            "dolnoslaskie": 0, 
            "slaski": 0
        }, 
        {
            "centrala": 56757, 
            "zachodniopomorski": 3341, 
            "osrodki_wojewodzkie": 54609, 
            "idef": "D-7", 
            "kujawskopomorskie": 4112, 
            "lodzki": 2207, 
            "lubuski": 3656, 
            "idef_sort": "D-007", 
            "parent_sort": "D", 
            "warminskomazurski": 3695, 
            "podlaski": 1576, 
            "type": "D.7", 
            "mazowiecki": 4429, 
            "lubelski": 3600, 
            "ogolem": 111366, 
            "parent": "D", 
            "opolski": 1534, 
            "swietokrzyski": 1535, 
            "pomorski": 3342, 
            "wielkopolski": 5597, 
            "info": null, 
            "name": "amortyzacja środków trwałych oraz wartości niematerialnych i prawnych zakupionych ze środków własnych Funduszu", 
            "malopolski": 4304, 
            "level": "b", 
            "podkarpacki": 3003, 
            "slaski": 4603, 
            "dolnoslaskie": 4075, 
            "leaf": true
        }, 
        {
            "centrala": 438, 
            "zachodniopomorski": 200, 
            "osrodki_wojewodzkie": 3665, 
            "idef": "D-8", 
            "kujawskopomorskie": 108, 
            "lodzki": 169, 
            "lubuski": 388, 
            "idef_sort": "D-008", 
            "parent_sort": "D", 
            "warminskomazurski": 80, 
            "podlaski": 226, 
            "type": "D.8", 
            "mazowiecki": 87, 
            "lubelski": 700, 
            "ogolem": 4103, 
            "parent": "D", 
            "opolski": 132, 
            "swietokrzyski": 148, 
            "pomorski": 0, 
            "wielkopolski": 0, 
            "info": null, 
            "name": "amortyzacja środków trwałych oraz wartości niematerialnych i prawnych otrzymanych nieodpłatnie", 
            "malopolski": 263, 
            "level": "b", 
            "podkarpacki": 468, 
            "slaski": 192, 
            "dolnoslaskie": 504, 
            "leaf": true
        }, 
        {
            "centrala": 2160, 
            "zachodniopomorski": 184, 
            "osrodki_wojewodzkie": 4241, 
            "idef": "D-9", 
            "kujawskopomorskie": 357, 
            "lodzki": 176, 
            "lubuski": 253, 
            "idef_sort": "D-009", 
            "parent_sort": "D", 
            "warminskomazurski": 135, 
            "podlaski": 227, 
            "type": "D.9", 
            "mazowiecki": 264, 
            "lubelski": 307, 
            "ogolem": 6401, 
            "parent": "D", 
            "opolski": 188, 
            "swietokrzyski": 251, 
            "pomorski": 158, 
            "wielkopolski": 483, 
            "info": null, 
            "name": "pozostałe koszty administracyjne", 
            "malopolski": 307, 
            "level": "b", 
            "podkarpacki": 218, 
            "slaski": 441, 
            "dolnoslaskie": 292, 
            "leaf": true
        }, 
        {
            "centrala": 20440, 
            "zachodniopomorski": 3084, 
            "osrodki_wojewodzkie": 253554, 
            "idef": "E", 
            "kujawskopomorskie": 12543, 
            "lodzki": 14456, 
            "lubuski": 8930, 
            "leaf": false, 
            "idef_sort": "E", 
            "parent_sort": null, 
            "warminskomazurski": 37028, 
            "podlaski": 7153, 
            "type": "E", 
            "mazowiecki": 37578, 
            "lubelski": 12419, 
            "ogolem": 273994, 
            "parent": null, 
            "opolski": 6841, 
            "swietokrzyski": 19405, 
            "pomorski": 11034, 
            "wielkopolski": 23817, 
            "info": null, 
            "name": "Pozostałe koszty ", 
            "malopolski": 20970, 
            "level": "a", 
            "podkarpacki": 10600, 
            "dolnoslaskie": 16273, 
            "slaski": 11423
        }, 
        {
            "centrala": 20162, 
            "zachodniopomorski": 25, 
            "osrodki_wojewodzkie": 9183, 
            "idef": "E-1", 
            "kujawskopomorskie": 15, 
            "lodzki": 16, 
            "lubuski": 3930, 
            "idef_sort": "E-001", 
            "parent_sort": "E", 
            "warminskomazurski": 100, 
            "podlaski": 6, 
            "type": "E.1", 
            "mazowiecki": 103, 
            "lubelski": 10, 
            "ogolem": 29345, 
            "parent": "E", 
            "opolski": 1741, 
            "swietokrzyski": 5, 
            "pomorski": 1520, 
            "wielkopolski": 1235, 
            "info": null, 
            "name": "wydanie i utrzymanie kart ubezpieczenia (w tym części stałych i zamiennych książeczek usług medycznych) oraz recept", 
            "malopolski": 10, 
            "level": "b", 
            "podkarpacki": 62, 
            "slaski": 390, 
            "dolnoslaskie": 15, 
            "leaf": true
        }, 
        {
            "centrala": 0, 
            "zachodniopomorski": 3000, 
            "osrodki_wojewodzkie": 229276, 
            "idef": "E-2", 
            "kujawskopomorskie": 11884, 
            "lodzki": 14260, 
            "lubuski": 4900, 
            "idef_sort": "E-002", 
            "parent_sort": "E", 
            "warminskomazurski": 36828, 
            "podlaski": 6645, 
            "type": "E.2", 
            "mazowiecki": 34675, 
            "lubelski": 12109, 
            "ogolem": 229276, 
            "parent": "E", 
            "opolski": 5000, 
            "swietokrzyski": 17900, 
            "pomorski": 7914, 
            "wielkopolski": 19137, 
            "info": null, 
            "name": "rezerwa na zobowiązania wynikające z postępowań sądowych", 
            "malopolski": 18295, 
            "level": "b", 
            "podkarpacki": 10288, 
            "slaski": 10383, 
            "dolnoslaskie": 16058, 
            "leaf": true
        }, 
        {
            "centrala": 0, 
            "zachodniopomorski": 0, 
            "osrodki_wojewodzkie": 0, 
            "idef": "E-3", 
            "kujawskopomorskie": 0, 
            "lodzki": 0, 
            "lubuski": 0, 
            "idef_sort": "E-003", 
            "parent_sort": "E", 
            "warminskomazurski": 0, 
            "podlaski": 0, 
            "type": "E.3", 
            "mazowiecki": 0, 
            "lubelski": 0, 
            "ogolem": 0, 
            "parent": "E", 
            "opolski": 0, 
            "swietokrzyski": 0, 
            "pomorski": 0, 
            "wielkopolski": 0, 
            "info": null, 
            "name": "inne rezerwy", 
            "malopolski": 0, 
            "level": "b", 
            "podkarpacki": 0, 
            "slaski": 0, 
            "dolnoslaskie": 0, 
            "leaf": true
        }, 
        {
            "centrala": 278, 
            "zachodniopomorski": 59, 
            "osrodki_wojewodzkie": 15095, 
            "idef": "E-4", 
            "kujawskopomorskie": 644, 
            "lodzki": 180, 
            "lubuski": 100, 
            "idef_sort": "E-004", 
            "parent_sort": "E", 
            "warminskomazurski": 100, 
            "podlaski": 502, 
            "type": "E.4", 
            "mazowiecki": 2800, 
            "lubelski": 300, 
            "ogolem": 15373, 
            "parent": "E", 
            "opolski": 100, 
            "swietokrzyski": 1500, 
            "pomorski": 1600, 
            "wielkopolski": 3445, 
            "info": null, 
            "name": "inne koszty", 
            "malopolski": 2665, 
            "level": "b", 
            "podkarpacki": 250, 
            "slaski": 650, 
            "dolnoslaskie": 200, 
            "leaf": true
        }, 
        {
            "centrala": 30819, 
            "zachodniopomorski": 18, 
            "osrodki_wojewodzkie": 42922, 
            "idef": "F", 
            "kujawskopomorskie": 906, 
            "lodzki": 280, 
            "lubuski": 170, 
            "idef_sort": "F", 
            "parent_sort": null, 
            "warminskomazurski": 3, 
            "podlaski": 49, 
            "type": "F", 
            "mazowiecki": 10742, 
            "lubelski": 11048, 
            "ogolem": 73741, 
            "parent": null, 
            "opolski": 0, 
            "swietokrzyski": 4194, 
            "pomorski": 3761, 
            "wielkopolski": 5380, 
            "info": null, 
            "name": "Koszty finansowe", 
            "malopolski": 181, 
            "level": "a", 
            "podkarpacki": 1888, 
            "slaski": 3058, 
            "dolnoslaskie": 1244, 
            "leaf": true
        }, 
        {
            "centrala": 0, 
            "zachodniopomorski": 0, 
            "osrodki_wojewodzkie": 0, 
            "idef": "G", 
            "kujawskopomorskie": 0, 
            "lodzki": 0, 
            "lubuski": 0, 
            "idef_sort": "G", 
            "parent_sort": null, 
            "warminskomazurski": 0, 
            "podlaski": 0, 
            "type": "G", 
            "mazowiecki": 0, 
            "lubelski": 0, 
            "ogolem": 114905, 
            "parent": null, 
            "opolski": 0, 
            "swietokrzyski": 0, 
            "pomorski": 0, 
            "wielkopolski": 0, 
            "info": null, 
            "name": "Koszty poboru i ewidencjonowania składek", 
            "malopolski": 0, 
            "level": "a", 
            "podkarpacki": 0, 
            "slaski": 0, 
            "dolnoslaskie": 0, 
            "leaf": true
        }, 
        {
            "centrala": 0, 
            "zachodniopomorski": 0, 
            "osrodki_wojewodzkie": 0, 
            "idef": "H", 
            "kujawskopomorskie": 0, 
            "lodzki": 0, 
            "lubuski": 0, 
            "idef_sort": "H", 
            "parent_sort": null, 
            "warminskomazurski": 0, 
            "podlaski": 0, 
            "type": "H", 
            "mazowiecki": 0, 
            "lubelski": 0, 
            "ogolem": 580013, 
            "parent": null, 
            "opolski": 0, 
            "swietokrzyski": 0, 
            "pomorski": 0, 
            "wielkopolski": 0, 
            "info": null, 
            "name": "Obowiązkowy odpis na rezerwę ogólną", 
            "malopolski": 0, 
            "level": "a", 
            "podkarpacki": 0, 
            "slaski": 0, 
            "dolnoslaskie": 0, 
            "leaf": true
        }, 
        {
            "centrala": 654228, 
            "zachodniopomorski": 2627141, 
            "osrodki_wojewodzkie": 59592137, 
            "idef": "I", 
            "kujawskopomorskie": 3162632, 
            "lodzki": 4053677, 
            "lubuski": 1540347, 
            "idef_sort": "I", 
            "parent_sort": null, 
            "warminskomazurski": 2136111, 
            "podlaski": 1808688, 
            "type": "I", 
            "mazowiecki": 9094585, 
            "lubelski": 3333087, 
            "ogolem": 60941283, 
            "parent": null, 
            "opolski": 1498184, 
            "swietokrzyski": 2008283, 
            "pomorski": 3474033, 
            "wielkopolski": 5113877, 
            "info": null, 
            "name": "KOSZTY OGÓŁEM (A+B+C+D+E+F)", 
            "malopolski": 4872668, 
            "level": "a", 
            "podkarpacki": 3072718, 
            "slaski": 7279159, 
            "dolnoslaskie": 4516947, 
            "leaf": true
        }
    ], 
    "response": "OK"
}