{
    "count": 15, 
    "issue": "2008", 
    "view_id": 0, 
    "request": "europejski-fundusz-rozwoju-regionalnego-szczebel-krajowy-2008", 
    "uri": "http://otwartedane.pl/api/json/dataset/4/view/0/issue/2008/", 
    "dataset_id": 4, 
    "data": [
        {
            "nip-beneficjenta": "", 
            "idef": "33", 
            "wydatki-kwalifikowalne": 139436437.59, 
            "dofinansowanie": 90588004.19, 
            "data-podpisania-umowyaneksu": "", 
            "dzialanie-kod": "", 
            "data-utworzenia-w-ksi-simik-07-13-umowyaneksu": "", 
            "numer-umowydecyzji": "", 
            "nazwa-beneficjenta": "", 
            "ostatni-wniosek-o-platnosc-dla-najbardziej-aktualnej-umowyaneksu": "", 
            "leaf": false, 
            "wojewodztwo": "", 
            "temat-priorytetu": "", 
            "type": "Cały kraj", 
            "powiat": "", 
            "projekt-zakonczony-wniosek-o-platnosc-koncowa": "", 
            "parent": null, 
            "program-operacyjny-nazwa": "", 
            "poddzialanie-kod": "", 
            "kod-pocztowy": "", 
            "obszar-realizacji": "", 
            "wartosc-ogolem": 151859130.73, 
            "name": "Cały kraj", 
            "level": "a", 
            "miejscowosc": "", 
            "forma-prawna": "", 
            "parent_sort": null, 
            "idef_sort": "0033", 
            "os-priorytetowa-kod": "", 
            "dofinansowanie-ue": 77814950.12
        }, 
        {
            "nip-beneficjenta": "5990105550", 
            "idef": "33-1", 
            "wydatki-kwalifikowalne": 30778779.75, 
            "dofinansowanie": 18467267.85, 
            "data-podpisania-umowyaneksu": "2008/12/30", 
            "dzialanie-kod": "POIG.04.04.00", 
            "data-utworzenia-w-ksi-simik-07-13-umowyaneksu": "2011/05/23", 
            "numer-umowydecyzji": "POIG.04.04.00-08-010/08-10", 
            "nazwa-beneficjenta": "Prywatne Przedsiębiorstwo Produkcyjno-Handlowe LAMIX Mirosław Laszko", 
            "ostatni-wniosek-o-platnosc-dla-najbardziej-aktualnej-umowyaneksu": "", 
            "leaf": true, 
            "wojewodztwo": "Lubuskie", 
            "temat-priorytetu": "07 Inwestycje w przedsiębiorstwa bezpośrednio związane z dziedziną badań i innowacji (innowacyjne technologie, tworzenie przedsiębiorstw przez uczelnie, istniejące ośrodki B+RT i przedsiębiorstwa itp.)", 
            "type": "Projekt", 
            "powiat": "Powiat gorzowski", 
            "projekt-zakonczony-wniosek-o-platnosc-koncowa": "", 
            "parent": "33", 
            "program-operacyjny-nazwa": "Program Operacyjny Innowacyjna Gospodarka", 
            "poddzialanie-kod": "", 
            "kod-pocztowy": "66-460", 
            "obszar-realizacji": "00 Nie dotyczy", 
            "wartosc-ogolem": 35813760.0, 
            "name": "Innowacyjne zmiany w procesie produkcji papieru higienicznego z makulatury i produktów w firmie LAMIX", 
            "level": "b", 
            "miejscowosc": "Witnica", 
            "forma-prawna": "osoba fizyczna prowadząca działalność gospodarczą - średnie przedsiębiorstwo", 
            "parent_sort": "0033", 
            "idef_sort": "0033-0001", 
            "os-priorytetowa-kod": "POIG.04.00.00", 
            "dofinansowanie-ue": 15697177.67
        }, 
        {
            "nip-beneficjenta": "7751675133", 
            "idef": "33-2", 
            "wydatki-kwalifikowalne": 23307000.0, 
            "dofinansowanie": 16314900.0, 
            "data-podpisania-umowyaneksu": "2008/12/30", 
            "dzialanie-kod": "POIG.04.04.00", 
            "data-utworzenia-w-ksi-simik-07-13-umowyaneksu": "2011/04/12", 
            "numer-umowydecyzji": "POIG.04.04.00-10-020/08-10", 
            "nazwa-beneficjenta": "\"Technologie Ekologiczne\" Zbigniew Tokarz", 
            "ostatni-wniosek-o-platnosc-dla-najbardziej-aktualnej-umowyaneksu": "", 
            "leaf": true, 
            "wojewodztwo": "Łódzkie", 
            "temat-priorytetu": "07 Inwestycje w przedsiębiorstwa bezpośrednio związane z dziedziną badań i innowacji (innowacyjne technologie, tworzenie przedsiębiorstw przez uczelnie, istniejące ośrodki B+RT i przedsiębiorstwa itp.)", 
            "type": "Projekt", 
            "powiat": "Powiat bełchatowski", 
            "projekt-zakonczony-wniosek-o-platnosc-koncowa": "", 
            "parent": "33", 
            "program-operacyjny-nazwa": "Program Operacyjny Innowacyjna Gospodarka", 
            "poddzialanie-kod": "", 
            "kod-pocztowy": "97-410", 
            "obszar-realizacji": "00 Nie dotyczy", 
            "wartosc-ogolem": 28434540.0, 
            "name": "Inwestycje w \"Technologie Ekologiczne\"", 
            "level": "b", 
            "miejscowosc": "Bogumiłów", 
            "forma-prawna": "osoba fizyczna prowadząca działalność gospodarczą - mikro przedsiębiorstwo", 
            "parent_sort": "0033", 
            "idef_sort": "0033-0002", 
            "os-priorytetowa-kod": "POIG.04.00.00", 
            "dofinansowanie-ue": 13867665.0
        }, 
        {
            "nip-beneficjenta": "5262207584", 
            "idef": "33-3", 
            "wydatki-kwalifikowalne": 9052203.91, 
            "dofinansowanie": 3620881.56, 
            "data-podpisania-umowyaneksu": "2008/12/30", 
            "dzialanie-kod": "POIG.04.04.00", 
            "data-utworzenia-w-ksi-simik-07-13-umowyaneksu": "2011/01/21", 
            "numer-umowydecyzji": "POIG.04.04.00-14-022/08-05", 
            "nazwa-beneficjenta": "Crowley Data Poland sp. z o.o.", 
            "ostatni-wniosek-o-platnosc-dla-najbardziej-aktualnej-umowyaneksu": "", 
            "leaf": true, 
            "wojewodztwo": "Mazowieckie", 
            "temat-priorytetu": "07 Inwestycje w przedsiębiorstwa bezpośrednio związane z dziedziną badań i innowacji (innowacyjne technologie, tworzenie przedsiębiorstw przez uczelnie, istniejące ośrodki B+RT i przedsiębiorstwa itp.)", 
            "type": "Projekt", 
            "powiat": "Powiat m. st. Warszawa", 
            "projekt-zakonczony-wniosek-o-platnosc-koncowa": "", 
            "parent": "33", 
            "program-operacyjny-nazwa": "Program Operacyjny Innowacyjna Gospodarka", 
            "poddzialanie-kod": "", 
            "kod-pocztowy": "00-193", 
            "obszar-realizacji": "00 Nie dotyczy", 
            "wartosc-ogolem": 11312376.8, 
            "name": "Wdrożenie usługi szerokopasmowego dostępu radiowego w technologii LMDS 28 MHz.", 
            "level": "b", 
            "miejscowosc": "Warszawa", 
            "forma-prawna": "spółka z ograniczoną odpowiedzialnością - średnie przedsiębiorstwo", 
            "parent_sort": "0033", 
            "idef_sort": "0033-0003", 
            "os-priorytetowa-kod": "POIG.04.00.00", 
            "dofinansowanie-ue": 3077749.33
        }, 
        {
            "nip-beneficjenta": "9512032166", 
            "idef": "33-4", 
            "wydatki-kwalifikowalne": 38590838.65, 
            "dofinansowanie": 15436335.46, 
            "data-podpisania-umowyaneksu": "2008/12/30", 
            "dzialanie-kod": "POIG.04.04.00", 
            "data-utworzenia-w-ksi-simik-07-13-umowyaneksu": "2010/10/27", 
            "numer-umowydecyzji": "POIG.04.04.00-14-058/08-06", 
            "nazwa-beneficjenta": "GASTEL ŻURAWIE SA", 
            "ostatni-wniosek-o-platnosc-dla-najbardziej-aktualnej-umowyaneksu": "", 
            "leaf": true, 
            "wojewodztwo": "Mazowieckie", 
            "temat-priorytetu": "07 Inwestycje w przedsiębiorstwa bezpośrednio związane z dziedziną badań i innowacji (innowacyjne technologie, tworzenie przedsiębiorstw przez uczelnie, istniejące ośrodki B+RT i przedsiębiorstwa itp.)", 
            "type": "Projekt", 
            "powiat": "Powiat m. st. Warszawa", 
            "projekt-zakonczony-wniosek-o-platnosc-koncowa": "", 
            "parent": "33", 
            "program-operacyjny-nazwa": "Program Operacyjny Innowacyjna Gospodarka", 
            "poddzialanie-kod": "", 
            "kod-pocztowy": "02-884", 
            "obszar-realizacji": "00 Nie dotyczy", 
            "wartosc-ogolem": 38590838.65, 
            "name": "Wdrożenie innowacyjnej usługi przebudowy obiektów mostowych w 24h", 
            "level": "b", 
            "miejscowosc": "Warszawa", 
            "forma-prawna": "spółka akcyjna - średnie przedsiębiorstwo", 
            "parent_sort": "0033", 
            "idef_sort": "0033-0004", 
            "os-priorytetowa-kod": "POIG.04.00.00", 
            "dofinansowanie-ue": 13120885.14
        }, 
        {
            "nip-beneficjenta": "5210526030", 
            "idef": "33-5", 
            "wydatki-kwalifikowalne": 143076.92, 
            "dofinansowanie": 143076.92, 
            "data-podpisania-umowyaneksu": "2008/11/27", 
            "dzialanie-kod": "POIG.09.04.00", 
            "data-utworzenia-w-ksi-simik-07-13-umowyaneksu": "2008/12/19", 
            "numer-umowydecyzji": "POIG.09.04.00-00-002/08-01", 
            "nazwa-beneficjenta": "Ministerstwo Spraw Wewnętrznych i Administracji", 
            "ostatni-wniosek-o-platnosc-dla-najbardziej-aktualnej-umowyaneksu": "POIG.09.04.00-00-002/08-02", 
            "leaf": true, 
            "wojewodztwo": "Mazowieckie", 
            "temat-priorytetu": "86 Ocena, badania/ekspertyzy, informacja i komunikacja", 
            "type": "Projekt", 
            "powiat": "Powiat m. st. Warszawa", 
            "projekt-zakonczony-wniosek-o-platnosc-koncowa": "Tak", 
            "parent": "33", 
            "program-operacyjny-nazwa": "Program Operacyjny Innowacyjna Gospodarka", 
            "poddzialanie-kod": "", 
            "kod-pocztowy": "02-591", 
            "obszar-realizacji": "00 Nie dotyczy", 
            "wartosc-ogolem": 143076.92, 
            "name": "Ewaluacja w ramach 7 i 8 osi priorytetowej PO IG w 2008 roku", 
            "level": "b", 
            "miejscowosc": "Warszawa", 
            "forma-prawna": "organ władzy, administracji rządowej", 
            "parent_sort": "0033", 
            "idef_sort": "0033-0005", 
            "os-priorytetowa-kod": "POIG.09.00.00", 
            "dofinansowanie-ue": 121615.38
        }, 
        {
            "nip-beneficjenta": "5262895199", 
            "idef": "33-6", 
            "wydatki-kwalifikowalne": 1760395.04, 
            "dofinansowanie": 1496335.78, 
            "data-podpisania-umowyaneksu": "2008/09/26", 
            "dzialanie-kod": "POPT.01.02.00", 
            "data-utworzenia-w-ksi-simik-07-13-umowyaneksu": "2008/10/20", 
            "numer-umowydecyzji": "POPT.01.02.00-00-039/08-01", 
            "nazwa-beneficjenta": "Ministerstwo Rozwoju Regionalnego, Departament Instytucji Certyfikującej, Instytucja Certyfikująca", 
            "ostatni-wniosek-o-platnosc-dla-najbardziej-aktualnej-umowyaneksu": "POPT.01.02.00-00-039/08-05", 
            "leaf": true, 
            "wojewodztwo": "Mazowieckie", 
            "temat-priorytetu": "85 Przygotowanie, realizacja, monitorowanie i kontrola", 
            "type": "Projekt", 
            "powiat": "Powiat m. st. Warszawa", 
            "projekt-zakonczony-wniosek-o-platnosc-koncowa": "Tak", 
            "parent": "33", 
            "program-operacyjny-nazwa": "Program Operacyjny Pomoc techniczna", 
            "poddzialanie-kod": "", 
            "kod-pocztowy": "00-926", 
            "obszar-realizacji": "00 Nie dotyczy", 
            "wartosc-ogolem": 1760395.04, 
            "name": "Podnoszenie kwalifikacji pracowników Instytucji Certyfikującej i 16 Instytucji Pośredniczących w Certyfikacji zaangażowanych w proces certyfikacji wydatków do Komisji Europejskiej w 2007 i 2008 roku", 
            "level": "b", 
            "miejscowosc": "Warszawa", 
            "forma-prawna": "organ władzy, administracji rządowej", 
            "parent_sort": "0033", 
            "idef_sort": "0033-0006", 
            "os-priorytetowa-kod": "POPT.01.00.00", 
            "dofinansowanie-ue": 1496335.78
        }, 
        {
            "nip-beneficjenta": "5262895199", 
            "idef": "33-7", 
            "wydatki-kwalifikowalne": 230000.0, 
            "dofinansowanie": 195500.0, 
            "data-podpisania-umowyaneksu": "2008/09/03", 
            "dzialanie-kod": "POPT.01.02.00", 
            "data-utworzenia-w-ksi-simik-07-13-umowyaneksu": "2008/09/03", 
            "numer-umowydecyzji": "POPT.01.02.00-00-064/08-00", 
            "nazwa-beneficjenta": "Ministerstwo Rozwoju Regionalnego, Departament Programów Pomocowych i Pomocy Technicznej, Instytucja Zarządzająca POPT", 
            "ostatni-wniosek-o-platnosc-dla-najbardziej-aktualnej-umowyaneksu": "POPT.01.02.00-00-064/08-01", 
            "leaf": true, 
            "wojewodztwo": "Mazowieckie", 
            "temat-priorytetu": "85 Przygotowanie, realizacja, monitorowanie i kontrola", 
            "type": "Projekt", 
            "powiat": "Powiat m. st. Warszawa", 
            "projekt-zakonczony-wniosek-o-platnosc-koncowa": "Tak", 
            "parent": "33", 
            "program-operacyjny-nazwa": "Program Operacyjny Pomoc techniczna", 
            "poddzialanie-kod": "", 
            "kod-pocztowy": "00-926", 
            "obszar-realizacji": "00 Nie dotyczy", 
            "wartosc-ogolem": 230000.0, 
            "name": "Podnoszenie kwalifikacji osób zaangażowanych we wdrażanie instrumentów strukturalnych z zakresu polityki równych szans przy realizacji projektów współfinansowanych ze środków Unii Europejskiej", 
            "level": "b", 
            "miejscowosc": "Warszawa", 
            "forma-prawna": "organ władzy, administracji rządowej", 
            "parent_sort": "0033", 
            "idef_sort": "0033-0007", 
            "os-priorytetowa-kod": "POPT.01.00.00", 
            "dofinansowanie-ue": 195500.0
        }, 
        {
            "nip-beneficjenta": "5262895199", 
            "idef": "33-8", 
            "wydatki-kwalifikowalne": 1366059.0, 
            "dofinansowanie": 1161150.15, 
            "data-podpisania-umowyaneksu": "2008/03/11", 
            "dzialanie-kod": "POPT.02.02.00", 
            "data-utworzenia-w-ksi-simik-07-13-umowyaneksu": "2008/03/18", 
            "numer-umowydecyzji": "POPT.02.02.00-00-040/08-00", 
            "nazwa-beneficjenta": "Ministerstwo Rozwoju Regionalnego, Departament Instytucji Certyfikującej, Instytucja Certyfikująca", 
            "ostatni-wniosek-o-platnosc-dla-najbardziej-aktualnej-umowyaneksu": "POPT.02.02.00-00-040/08-05", 
            "leaf": true, 
            "wojewodztwo": "Mazowieckie", 
            "temat-priorytetu": "85 Przygotowanie, realizacja, monitorowanie i kontrola", 
            "type": "Projekt", 
            "powiat": "Powiat m. st. Warszawa", 
            "projekt-zakonczony-wniosek-o-platnosc-koncowa": "Tak", 
            "parent": "33", 
            "program-operacyjny-nazwa": "Program Operacyjny Pomoc techniczna", 
            "poddzialanie-kod": "", 
            "kod-pocztowy": "00-926", 
            "obszar-realizacji": "00 Nie dotyczy", 
            "wartosc-ogolem": 1366059.0, 
            "name": "Zakup infrastruktury informatycznej dla pracowników 16 Instytucji Pośredniczącej w Certyfikacji zaangażowanych w proces certyfikacji wydatków do Komisji Europejskiej w latach 2007-2008", 
            "level": "b", 
            "miejscowosc": "Warszawa", 
            "forma-prawna": "organ władzy, administracji rządowej", 
            "parent_sort": "0033", 
            "idef_sort": "0033-0008", 
            "os-priorytetowa-kod": "POPT.02.00.00", 
            "dofinansowanie-ue": 1161150.15
        }, 
        {
            "nip-beneficjenta": "5262895199", 
            "idef": "33-9", 
            "wydatki-kwalifikowalne": 1636724.53, 
            "dofinansowanie": 1391215.85, 
            "data-podpisania-umowyaneksu": "2008/09/26", 
            "dzialanie-kod": "POPT.03.01.00", 
            "data-utworzenia-w-ksi-simik-07-13-umowyaneksu": "2008/10/20", 
            "numer-umowydecyzji": "POPT.03.01.00-00-041/08-01", 
            "nazwa-beneficjenta": "Ministerstwo Rozwoju Regionalnego, Departament Instytucji Certyfikującej, Instytucja Certyfikująca", 
            "ostatni-wniosek-o-platnosc-dla-najbardziej-aktualnej-umowyaneksu": "POPT.03.01.00-00-041/08-05", 
            "leaf": true, 
            "wojewodztwo": "Mazowieckie", 
            "temat-priorytetu": "85 Przygotowanie, realizacja, monitorowanie i kontrola", 
            "type": "Projekt", 
            "powiat": "Powiat m. st. Warszawa", 
            "projekt-zakonczony-wniosek-o-platnosc-koncowa": "Tak", 
            "parent": "33", 
            "program-operacyjny-nazwa": "Program Operacyjny Pomoc techniczna", 
            "poddzialanie-kod": "", 
            "kod-pocztowy": "00-926", 
            "obszar-realizacji": "00 Nie dotyczy", 
            "wartosc-ogolem": 1636724.53, 
            "name": "Wsparcie funkcjonowania 16 Instytucji Pośredniczących w Certyfikacji oraz Instytucji Certyfikującej w latach 2007-2008", 
            "level": "b", 
            "miejscowosc": "Warszawa", 
            "forma-prawna": "organ władzy, administracji rządowej", 
            "parent_sort": "0033", 
            "idef_sort": "0033-0009", 
            "os-priorytetowa-kod": "POPT.03.00.00", 
            "dofinansowanie-ue": 1391215.85
        }, 
        {
            "nip-beneficjenta": "5262895199", 
            "idef": "33-10", 
            "wydatki-kwalifikowalne": 1200000.0, 
            "dofinansowanie": 1020000.0, 
            "data-podpisania-umowyaneksu": "2008/02/28", 
            "dzialanie-kod": "POPT.04.01.00", 
            "data-utworzenia-w-ksi-simik-07-13-umowyaneksu": "2008/03/06", 
            "numer-umowydecyzji": "POPT.04.01.00-00-014/07-01", 
            "nazwa-beneficjenta": "Ministerstwo Rozwoju Regionalnego, Departament Informacji, Promocji i Szkoleń, Instytucja odpowiedzialna za promocję i informację NSRO", 
            "ostatni-wniosek-o-platnosc-dla-najbardziej-aktualnej-umowyaneksu": "POPT.04.01.00-00-014/07-01", 
            "leaf": true, 
            "wojewodztwo": "Mazowieckie", 
            "temat-priorytetu": "86 Ocena, badania/ekspertyzy, informacja i komunikacja", 
            "type": "Projekt", 
            "powiat": "Powiat m. st. Warszawa", 
            "projekt-zakonczony-wniosek-o-platnosc-koncowa": "Tak", 
            "parent": "33", 
            "program-operacyjny-nazwa": "Program Operacyjny Pomoc techniczna", 
            "poddzialanie-kod": "", 
            "kod-pocztowy": "00-926", 
            "obszar-realizacji": "00 Nie dotyczy", 
            "wartosc-ogolem": 1200000.0, 
            "name": "Kampania wizerunkowa Narodowej Strategii Spójności poprzez ekspozycję reklamy na zewnętrznych nośnikach oraz współprodukcję programów telewizyjnych", 
            "level": "b", 
            "miejscowosc": "Warszawa", 
            "forma-prawna": "organ władzy, administracji rządowej", 
            "parent_sort": "0033", 
            "idef_sort": "0033-0010", 
            "os-priorytetowa-kod": "POPT.04.00.00", 
            "dofinansowanie-ue": 1020000.0
        }, 
        {
            "nip-beneficjenta": "5262895199", 
            "idef": "33-11", 
            "wydatki-kwalifikowalne": 200127.79, 
            "dofinansowanie": 170108.62, 
            "data-podpisania-umowyaneksu": "2008/03/11", 
            "dzialanie-kod": "POPT.04.02.00", 
            "data-utworzenia-w-ksi-simik-07-13-umowyaneksu": "2008/03/18", 
            "numer-umowydecyzji": "POPT.04.02.00-00-042/08-00", 
            "nazwa-beneficjenta": "Ministerstwo Rozwoju Regionalnego, Departament Instytucji Certyfikującej, Instytucja Certyfikująca", 
            "ostatni-wniosek-o-platnosc-dla-najbardziej-aktualnej-umowyaneksu": "POPT.04.02.00-00-042/08-05", 
            "leaf": true, 
            "wojewodztwo": "Mazowieckie", 
            "temat-priorytetu": "86 Ocena, badania/ekspertyzy, informacja i komunikacja", 
            "type": "Projekt", 
            "powiat": "Powiat m. st. Warszawa", 
            "projekt-zakonczony-wniosek-o-platnosc-koncowa": "Tak", 
            "parent": "33", 
            "program-operacyjny-nazwa": "Program Operacyjny Pomoc techniczna", 
            "poddzialanie-kod": "", 
            "kod-pocztowy": "00-926", 
            "obszar-realizacji": "00 Nie dotyczy", 
            "wartosc-ogolem": 200127.79, 
            "name": "Wymiana doświadczeń pracowników Instytucji Pośredniczących w Certyfikacji i Instytucji Certyfikującej z instytucjami zaangażowanymi w realizację NSRO w 2007 i 2008 r.", 
            "level": "b", 
            "miejscowosc": "Warszawa", 
            "forma-prawna": "organ władzy, administracji rządowej", 
            "parent_sort": "0033", 
            "idef_sort": "0033-0011", 
            "os-priorytetowa-kod": "POPT.04.00.00", 
            "dofinansowanie-ue": 170108.62
        }, 
        {
            "nip-beneficjenta": "5262895199", 
            "idef": "33-12", 
            "wydatki-kwalifikowalne": 12254525.0, 
            "dofinansowanie": 12254525.0, 
            "data-podpisania-umowyaneksu": "2008/11/26", 
            "dzialanie-kod": "POPW.06.01.00", 
            "data-utworzenia-w-ksi-simik-07-13-umowyaneksu": "2008/11/28", 
            "numer-umowydecyzji": "POPW.06.01.00-00-001/08-01", 
            "nazwa-beneficjenta": "Ministerstwo Rozwoju Regionalnego Departament Koordynacji Programów Regionalnych", 
            "ostatni-wniosek-o-platnosc-dla-najbardziej-aktualnej-umowyaneksu": "", 
            "leaf": true, 
            "wojewodztwo": "Mazowieckie", 
            "temat-priorytetu": "85 Przygotowanie, realizacja, monitorowanie i kontrola", 
            "type": "Projekt", 
            "powiat": "Powiat m. st. Warszawa", 
            "projekt-zakonczony-wniosek-o-platnosc-koncowa": "", 
            "parent": "33", 
            "program-operacyjny-nazwa": "Program Operacyjny Rozwój Polski Wschodniej", 
            "poddzialanie-kod": "", 
            "kod-pocztowy": "00-926", 
            "obszar-realizacji": "00 Nie dotyczy", 
            "wartosc-ogolem": 12254525.0, 
            "name": "Roczny Plan Działania Pomocy Technicznej Programu Operacyjnego Rozwój Polski Wschodniej 2007-2013 na rok 2008", 
            "level": "b", 
            "miejscowosc": "Warszawa", 
            "forma-prawna": "organ władzy, administracji rządowej", 
            "parent_sort": "0033", 
            "idef_sort": "0033-0012", 
            "os-priorytetowa-kod": "POPW.06.00.00", 
            "dofinansowanie-ue": 10416346.25
        }, 
        {
            "nip-beneficjenta": "5262501444", 
            "idef": "33-13", 
            "wydatki-kwalifikowalne": 9203600.0, 
            "dofinansowanie": 9203600.0, 
            "data-podpisania-umowyaneksu": "2008/02/03", 
            "dzialanie-kod": "POPW.06.01.00", 
            "data-utworzenia-w-ksi-simik-07-13-umowyaneksu": "2008/02/25", 
            "numer-umowydecyzji": "POPW.06.01.00-00-002/08-00", 
            "nazwa-beneficjenta": "Polska Agencja Rozwoju Przedsiębiorczości", 
            "ostatni-wniosek-o-platnosc-dla-najbardziej-aktualnej-umowyaneksu": "POPW.06.01.00-00-002/08-04-K03", 
            "leaf": true, 
            "wojewodztwo": "Mazowieckie", 
            "temat-priorytetu": "85 Przygotowanie, realizacja, monitorowanie i kontrola", 
            "type": "Projekt", 
            "powiat": "Powiat m. st. Warszawa", 
            "projekt-zakonczony-wniosek-o-platnosc-koncowa": "Tak", 
            "parent": "33", 
            "program-operacyjny-nazwa": "Program Operacyjny Rozwój Polski Wschodniej", 
            "poddzialanie-kod": "", 
            "kod-pocztowy": "00-834", 
            "obszar-realizacji": "00 Nie dotyczy", 
            "wartosc-ogolem": 9203600.0, 
            "name": "Roczny Plan Działania Pomocy Technicznej Programu Operacyjnego Rozwój Polski Wschodniej 2007-2013 na rok 2008", 
            "level": "b", 
            "miejscowosc": "Warszawa", 
            "forma-prawna": "państwowa jednostka organizacyjna", 
            "parent_sort": "0033", 
            "idef_sort": "0033-0013", 
            "os-priorytetowa-kod": "POPW.06.00.00", 
            "dofinansowanie-ue": 7823060.0
        }, 
        {
            "nip-beneficjenta": "5262501444", 
            "idef": "33-14", 
            "wydatki-kwalifikowalne": 9713107.0, 
            "dofinansowanie": 9713107.0, 
            "data-podpisania-umowyaneksu": "2008/12/19", 
            "dzialanie-kod": "POPW.06.01.00", 
            "data-utworzenia-w-ksi-simik-07-13-umowyaneksu": "2008/12/29", 
            "numer-umowydecyzji": "POPW.06.01.00-00-002/09-00", 
            "nazwa-beneficjenta": "Polska Agencja Rozwoju Przedsiębiorczości", 
            "ostatni-wniosek-o-platnosc-dla-najbardziej-aktualnej-umowyaneksu": "POPW.06.01.00-00-002/09-07-K03", 
            "leaf": true, 
            "wojewodztwo": "Mazowieckie", 
            "temat-priorytetu": "85 Przygotowanie, realizacja, monitorowanie i kontrola", 
            "type": "Projekt", 
            "powiat": "Powiat m. st. Warszawa", 
            "projekt-zakonczony-wniosek-o-platnosc-koncowa": "Tak", 
            "parent": "33", 
            "program-operacyjny-nazwa": "Program Operacyjny Rozwój Polski Wschodniej", 
            "poddzialanie-kod": "", 
            "kod-pocztowy": "00-834", 
            "obszar-realizacji": "00 Nie dotyczy", 
            "wartosc-ogolem": 9713107.0, 
            "name": "Wniosek o dofinansowanie projektu: Roczny Plan Działania Pomocy Technicznej PO RPW 2007-2013 na rok 2009 dla Instytucji Pośredniczącej PO RPW", 
            "level": "b", 
            "miejscowosc": "Warszawa", 
            "forma-prawna": "państwowa jednostka organizacyjna", 
            "parent_sort": "0033", 
            "idef_sort": "0033-0014", 
            "os-priorytetowa-kod": "POPW.06.00.00", 
            "dofinansowanie-ue": 8256140.95
        }
    ], 
    "response": "OK"
}