{
    "count": 3, 
    "issue": "2007", 
    "view_id": 0, 
    "request": "europejski-fundusz-rozwoju-regionalnego-szczebel-krajowy-2007", 
    "uri": "http://otwartedane.pl/api/json/dataset/4/view/0/issue/2007/", 
    "dataset_id": 4, 
    "data": [
        {
            "nip-beneficjenta": "", 
            "idef": "33", 
            "wydatki-kwalifikowalne": 4710704.0, 
            "dofinansowanie": 4710704.0, 
            "data-podpisania-umowyaneksu": "", 
            "dzialanie-kod": "", 
            "data-utworzenia-w-ksi-simik-07-13-umowyaneksu": "", 
            "numer-umowydecyzji": "", 
            "nazwa-beneficjenta": "", 
            "ostatni-wniosek-o-platnosc-dla-najbardziej-aktualnej-umowyaneksu": "", 
            "leaf": false, 
            "wojewodztwo": "", 
            "temat-priorytetu": "", 
            "type": "Cały kraj", 
            "powiat": "", 
            "projekt-zakonczony-wniosek-o-platnosc-koncowa": "", 
            "parent": null, 
            "program-operacyjny-nazwa": "", 
            "poddzialanie-kod": "", 
            "kod-pocztowy": "", 
            "obszar-realizacji": "", 
            "wartosc-ogolem": 4710704.0, 
            "name": "Cały kraj", 
            "level": "a", 
            "miejscowosc": "", 
            "forma-prawna": "", 
            "parent_sort": null, 
            "idef_sort": "0033", 
            "os-priorytetowa-kod": "", 
            "dofinansowanie-ue": 4004098.0
        }, 
        {
            "nip-beneficjenta": "5262895199", 
            "idef": "33-1", 
            "wydatki-kwalifikowalne": 2642000.0, 
            "dofinansowanie": 2642000.0, 
            "data-podpisania-umowyaneksu": "2007/11/30", 
            "dzialanie-kod": "POPW.06.01.00", 
            "data-utworzenia-w-ksi-simik-07-13-umowyaneksu": "2008/02/22", 
            "numer-umowydecyzji": "POPW.06.01.00-00-001/07-00", 
            "nazwa-beneficjenta": "Ministerstwo Rozwoju Regionalnego Departament Koordynacji Programów Regionalnych ", 
            "ostatni-wniosek-o-platnosc-dla-najbardziej-aktualnej-umowyaneksu": "POPW.06.01.00-00-001/07-03-K01", 
            "leaf": true, 
            "wojewodztwo": "Mazowieckie", 
            "temat-priorytetu": "85 Przygotowanie, realizacja, monitorowanie i kontrola", 
            "type": "Projekt", 
            "powiat": "Powiat m. st. Warszawa", 
            "projekt-zakonczony-wniosek-o-platnosc-koncowa": "Tak", 
            "parent": "33", 
            "program-operacyjny-nazwa": "Program Operacyjny Rozwój Polski Wschodniej", 
            "poddzialanie-kod": "", 
            "kod-pocztowy": "00-926", 
            "obszar-realizacji": "00 Nie dotyczy", 
            "wartosc-ogolem": 2642000.0, 
            "name": "Roczny Plan Działania Pomocy Technicznej Programu Operacyjnego Rozwój Polski Wschodniej 2007-2013 na rok 2007", 
            "level": "b", 
            "miejscowosc": "Warszawa", 
            "forma-prawna": "organ władzy, administracji rządowej", 
            "parent_sort": "0033", 
            "idef_sort": "0033-0001", 
            "os-priorytetowa-kod": "POPW.06.00.00", 
            "dofinansowanie-ue": 2245700.0
        }, 
        {
            "nip-beneficjenta": "5262501444", 
            "idef": "33-2", 
            "wydatki-kwalifikowalne": 2068704.0, 
            "dofinansowanie": 2068704.0, 
            "data-podpisania-umowyaneksu": "2007/12/10", 
            "dzialanie-kod": "POPW.06.01.00", 
            "data-utworzenia-w-ksi-simik-07-13-umowyaneksu": "2008/02/22", 
            "numer-umowydecyzji": "POPW.06.01.00-00-002/07-00", 
            "nazwa-beneficjenta": "Polska Agencja Rozwoju Przedsiębiorczości", 
            "ostatni-wniosek-o-platnosc-dla-najbardziej-aktualnej-umowyaneksu": "POPW.06.01.00-00-002/07-01-K02", 
            "leaf": true, 
            "wojewodztwo": "Mazowieckie", 
            "temat-priorytetu": "85 Przygotowanie, realizacja, monitorowanie i kontrola", 
            "type": "Projekt", 
            "powiat": "Powiat m. st. Warszawa", 
            "projekt-zakonczony-wniosek-o-platnosc-koncowa": "Tak", 
            "parent": "33", 
            "program-operacyjny-nazwa": "Program Operacyjny Rozwój Polski Wschodniej", 
            "poddzialanie-kod": "", 
            "kod-pocztowy": "00-834", 
            "obszar-realizacji": "00 Nie dotyczy", 
            "wartosc-ogolem": 2068704.0, 
            "name": "Roczny Plan Działania Pomocy Technicznej Programu Operacyjnego Rozwój Polski Wschodniej 2007-2013 na rok 2007 ", 
            "level": "b", 
            "miejscowosc": "Warszawa", 
            "forma-prawna": "państwowa jednostka organizacyjna", 
            "parent_sort": "0033", 
            "idef_sort": "0033-0002", 
            "os-priorytetowa-kod": "POPW.06.00.00", 
            "dofinansowanie-ue": 1758398.0
        }
    ], 
    "response": "OK"
}