{
    "count": 22, 
    "issue": "2007", 
    "view_id": 1, 
    "request": "europejski-fundusz-rozwoju-regionalnego-szczebel-wojewodzki-2007", 
    "uri": "http://otwartedane.pl/api/json/dataset/4/view/1/issue/2007/", 
    "dataset_id": 4, 
    "data": [
        {
            "nip-beneficjenta": "", 
            "idef": "12", 
            "wydatki-kwalifikowalne": 27389979.9, 
            "dofinansowanie": 23281484.3, 
            "data-podpisania-umowyaneksu": "", 
            "dzialanie-kod": "", 
            "data-utworzenia-w-ksi-simik-07-13-umowyaneksu": "", 
            "numer-umowydecyzji": "", 
            "nazwa-beneficjenta": "", 
            "ostatni-wniosek-o-platnosc-dla-najbardziej-aktualnej-umowyaneksu": "", 
            "leaf": false, 
            "wojewodztwo": "", 
            "temat-priorytetu": "", 
            "type": "Województwo", 
            "powiat": "", 
            "projekt-zakonczony-wniosek-o-platnosc-koncowa": "", 
            "parent": null, 
            "program-operacyjny-nazwa": "", 
            "poddzialanie-kod": "", 
            "kod-pocztowy": "", 
            "obszar-realizacji": "", 
            "wartosc-ogolem": 27535901.9, 
            "name": "Małopolskie", 
            "level": "a", 
            "miejscowosc": "", 
            "forma-prawna": "", 
            "parent_sort": null, 
            "idef_sort": "0012", 
            "os-priorytetowa-kod": "", 
            "dofinansowanie-ue": 23281484.3
        }, 
        {
            "nip-beneficjenta": "6762083499", 
            "idef": "12-1", 
            "wydatki-kwalifikowalne": 94516.0, 
            "dofinansowanie": 80338.0, 
            "data-podpisania-umowyaneksu": "2007/12/17", 
            "dzialanie-kod": "RPMP.09.01.00", 
            "data-utworzenia-w-ksi-simik-07-13-umowyaneksu": "2008/08/18", 
            "numer-umowydecyzji": "RPMP.09.01.00-12-001/07-00", 
            "nazwa-beneficjenta": "Urząd Marszałkowski Województwa Małopolskiego", 
            "ostatni-wniosek-o-platnosc-dla-najbardziej-aktualnej-umowyaneksu": "RPMP.09.01.00-12-001/07-01", 
            "leaf": true, 
            "wojewodztwo": "Małopolskie", 
            "temat-priorytetu": "86 Ocena, badania/ekspertyzy, informacja i komunikacja", 
            "type": "Projekt", 
            "powiat": "Powiat m. Kraków", 
            "projekt-zakonczony-wniosek-o-platnosc-koncowa": "Tak", 
            "parent": "12", 
            "program-operacyjny-nazwa": "Regionalny Program Operacyjny Województwa Małopolskiego", 
            "poddzialanie-kod": "", 
            "kod-pocztowy": "31-156", 
            "obszar-realizacji": "01 Obszar miejski", 
            "wartosc-ogolem": 94516.0, 
            "name": "Przygotowanie i pełnienie funkcji Instytucji Zarządzającej MRPO 2007 - 2013", 
            "level": "b", 
            "miejscowosc": "Kraków", 
            "forma-prawna": "wojewódzka samorządowa jednostka organizacyjna", 
            "parent_sort": "0012", 
            "idef_sort": "0012-0001", 
            "os-priorytetowa-kod": "RPMP.09.00.00", 
            "dofinansowanie-ue": 80338.0
        }, 
        {
            "nip-beneficjenta": "6762083499", 
            "idef": "12-2", 
            "wydatki-kwalifikowalne": 15000.0, 
            "dofinansowanie": 12750.0, 
            "data-podpisania-umowyaneksu": "2007/02/26", 
            "dzialanie-kod": "RPMP.09.01.00", 
            "data-utworzenia-w-ksi-simik-07-13-umowyaneksu": "2008/08/19", 
            "numer-umowydecyzji": "RPMP.09.01.00-12-002/07-00", 
            "nazwa-beneficjenta": "Urząd Marszałkowski Województwa Małopolskiego", 
            "ostatni-wniosek-o-platnosc-dla-najbardziej-aktualnej-umowyaneksu": "RPMP.09.01.00-12-002/07-01", 
            "leaf": true, 
            "wojewodztwo": "Małopolskie", 
            "temat-priorytetu": "85 Przygotowanie, realizacja, monitorowanie i kontrola", 
            "type": "Projekt", 
            "powiat": "Powiat m. Kraków", 
            "projekt-zakonczony-wniosek-o-platnosc-koncowa": "Tak", 
            "parent": "12", 
            "program-operacyjny-nazwa": "Regionalny Program Operacyjny Województwa Małopolskiego", 
            "poddzialanie-kod": "", 
            "kod-pocztowy": "31-156", 
            "obszar-realizacji": "01 Obszar miejski", 
            "wartosc-ogolem": 29181.0, 
            "name": "Organizacja i obsługa posiedzeń Regionalnego Komitetu Monitorującego", 
            "level": "b", 
            "miejscowosc": "Kraków", 
            "forma-prawna": "wojewódzka samorządowa jednostka organizacyjna", 
            "parent_sort": "0012", 
            "idef_sort": "0012-0002", 
            "os-priorytetowa-kod": "RPMP.09.00.00", 
            "dofinansowanie-ue": 12750.0
        }, 
        {
            "nip-beneficjenta": "6762083499", 
            "idef": "12-3", 
            "wydatki-kwalifikowalne": 123500.0, 
            "dofinansowanie": 104975.0, 
            "data-podpisania-umowyaneksu": "2007/10/02", 
            "dzialanie-kod": "RPMP.09.01.00", 
            "data-utworzenia-w-ksi-simik-07-13-umowyaneksu": "2008/08/19", 
            "numer-umowydecyzji": "RPMP.09.01.00-12-004/07-00", 
            "nazwa-beneficjenta": "Urząd Marszałkowski Województwa Małopolskiego", 
            "ostatni-wniosek-o-platnosc-dla-najbardziej-aktualnej-umowyaneksu": "RPMP.09.01.00-12-004/07-01", 
            "leaf": true, 
            "wojewodztwo": "Małopolskie", 
            "temat-priorytetu": "85 Przygotowanie, realizacja, monitorowanie i kontrola", 
            "type": "Projekt", 
            "powiat": "Powiat m. Kraków", 
            "projekt-zakonczony-wniosek-o-platnosc-koncowa": "Tak", 
            "parent": "12", 
            "program-operacyjny-nazwa": "Regionalny Program Operacyjny Województwa Małopolskiego", 
            "poddzialanie-kod": "", 
            "kod-pocztowy": "31-156", 
            "obszar-realizacji": "01 Obszar miejski", 
            "wartosc-ogolem": 123500.0, 
            "name": "Budowa i rozwój Regionalnego Systemu Informatycznego dla MRPO", 
            "level": "b", 
            "miejscowosc": "Kraków", 
            "forma-prawna": "wojewódzka samorządowa jednostka organizacyjna", 
            "parent_sort": "0012", 
            "idef_sort": "0012-0003", 
            "os-priorytetowa-kod": "RPMP.09.00.00", 
            "dofinansowanie-ue": 104975.0
        }, 
        {
            "nip-beneficjenta": "6762083499", 
            "idef": "12-4", 
            "wydatki-kwalifikowalne": 4737000.0, 
            "dofinansowanie": 4026450.0, 
            "data-podpisania-umowyaneksu": "2007/02/26", 
            "dzialanie-kod": "RPMP.09.01.00", 
            "data-utworzenia-w-ksi-simik-07-13-umowyaneksu": "2008/08/19", 
            "numer-umowydecyzji": "RPMP.09.01.00-12-005/07-00", 
            "nazwa-beneficjenta": "Urząd Marszałkowski Województwa Małopolskiego", 
            "ostatni-wniosek-o-platnosc-dla-najbardziej-aktualnej-umowyaneksu": "RPMP.09.01.00-12-005/07-02", 
            "leaf": true, 
            "wojewodztwo": "Małopolskie", 
            "temat-priorytetu": "85 Przygotowanie, realizacja, monitorowanie i kontrola", 
            "type": "Projekt", 
            "powiat": "Powiat m. Kraków", 
            "projekt-zakonczony-wniosek-o-platnosc-koncowa": "Tak", 
            "parent": "12", 
            "program-operacyjny-nazwa": "Regionalny Program Operacyjny Województwa Małopolskiego", 
            "poddzialanie-kod": "", 
            "kod-pocztowy": "31-156", 
            "obszar-realizacji": "01 Obszar miejski", 
            "wartosc-ogolem": 4737000.0, 
            "name": "Pomoc Techniczna MRPO", 
            "level": "b", 
            "miejscowosc": "Kraków", 
            "forma-prawna": "wojewódzka samorządowa jednostka organizacyjna", 
            "parent_sort": "0012", 
            "idef_sort": "0012-0004", 
            "os-priorytetowa-kod": "RPMP.09.00.00", 
            "dofinansowanie-ue": 4026450.0
        }, 
        {
            "nip-beneficjenta": "6762083499", 
            "idef": "12-5", 
            "wydatki-kwalifikowalne": 44673.9, 
            "dofinansowanie": 37973.3, 
            "data-podpisania-umowyaneksu": "2007/09/20", 
            "dzialanie-kod": "RPMP.09.01.00", 
            "data-utworzenia-w-ksi-simik-07-13-umowyaneksu": "2008/08/19", 
            "numer-umowydecyzji": "RPMP.09.01.00-12-006/07-00", 
            "nazwa-beneficjenta": "Urząd Marszałkowski Województwa Małopolskiego", 
            "ostatni-wniosek-o-platnosc-dla-najbardziej-aktualnej-umowyaneksu": "RPMP.09.01.00-12-006/07-01", 
            "leaf": true, 
            "wojewodztwo": "Małopolskie", 
            "temat-priorytetu": "85 Przygotowanie, realizacja, monitorowanie i kontrola", 
            "type": "Projekt", 
            "powiat": "Powiat m. Kraków", 
            "projekt-zakonczony-wniosek-o-platnosc-koncowa": "Tak", 
            "parent": "12", 
            "program-operacyjny-nazwa": "Regionalny Program Operacyjny Województwa Małopolskiego", 
            "poddzialanie-kod": "", 
            "kod-pocztowy": "31-156", 
            "obszar-realizacji": "01 Obszar miejski", 
            "wartosc-ogolem": 44673.9, 
            "name": "Programowanie rozwoju województwa", 
            "level": "b", 
            "miejscowosc": "Kraków", 
            "forma-prawna": "wojewódzka samorządowa jednostka organizacyjna", 
            "parent_sort": "0012", 
            "idef_sort": "0012-0005", 
            "os-priorytetowa-kod": "RPMP.09.00.00", 
            "dofinansowanie-ue": 37973.3
        }, 
        {
            "nip-beneficjenta": "6762083499", 
            "idef": "12-6", 
            "wydatki-kwalifikowalne": 1715000.0, 
            "dofinansowanie": 1457750.0, 
            "data-podpisania-umowyaneksu": "2007/12/17", 
            "dzialanie-kod": "RPMP.09.01.00", 
            "data-utworzenia-w-ksi-simik-07-13-umowyaneksu": "2008/08/19", 
            "numer-umowydecyzji": "RPMP.09.01.00-12-007/08-01", 
            "nazwa-beneficjenta": "Urząd Marszałkowski Województwa Małopolskiego", 
            "ostatni-wniosek-o-platnosc-dla-najbardziej-aktualnej-umowyaneksu": "RPMP.09.01.00-12-007/08-18", 
            "leaf": true, 
            "wojewodztwo": "Małopolskie", 
            "temat-priorytetu": "86 Ocena, badania/ekspertyzy, informacja i komunikacja", 
            "type": "Projekt", 
            "powiat": "Powiat m. Kraków", 
            "projekt-zakonczony-wniosek-o-platnosc-koncowa": "Tak", 
            "parent": "12", 
            "program-operacyjny-nazwa": "Regionalny Program Operacyjny Województwa Małopolskiego", 
            "poddzialanie-kod": "", 
            "kod-pocztowy": "31-156", 
            "obszar-realizacji": "01 Obszar miejski", 
            "wartosc-ogolem": 1715000.0, 
            "name": "Ewaluacja MRPO i Małopolski Project Pipeline - Priorytet 9 PT MRPO", 
            "level": "b", 
            "miejscowosc": "Kraków", 
            "forma-prawna": "wojewódzka samorządowa jednostka organizacyjna", 
            "parent_sort": "0012", 
            "idef_sort": "0012-0006", 
            "os-priorytetowa-kod": "RPMP.09.00.00", 
            "dofinansowanie-ue": 1457750.0
        }, 
        {
            "nip-beneficjenta": "6762083499", 
            "idef": "12-7", 
            "wydatki-kwalifikowalne": 253500.0, 
            "dofinansowanie": 215475.0, 
            "data-podpisania-umowyaneksu": "2007/12/17", 
            "dzialanie-kod": "RPMP.09.01.00", 
            "data-utworzenia-w-ksi-simik-07-13-umowyaneksu": "2008/08/19", 
            "numer-umowydecyzji": "RPMP.09.01.00-12-008/08-00", 
            "nazwa-beneficjenta": "Urząd Marszałkowski Województwa Małopolskiego", 
            "ostatni-wniosek-o-platnosc-dla-najbardziej-aktualnej-umowyaneksu": "RPMP.09.01.00-12-008/08-12", 
            "leaf": true, 
            "wojewodztwo": "Małopolskie", 
            "temat-priorytetu": "85 Przygotowanie, realizacja, monitorowanie i kontrola", 
            "type": "Projekt", 
            "powiat": "Powiat m. Kraków", 
            "projekt-zakonczony-wniosek-o-platnosc-koncowa": "Tak", 
            "parent": "12", 
            "program-operacyjny-nazwa": "Regionalny Program Operacyjny Województwa Małopolskiego", 
            "poddzialanie-kod": "", 
            "kod-pocztowy": "31-156", 
            "obszar-realizacji": "01 Obszar miejski", 
            "wartosc-ogolem": 253500.0, 
            "name": "Monitoring MRPO - Priorytet 9 PT MRPO", 
            "level": "b", 
            "miejscowosc": "Kraków", 
            "forma-prawna": "wojewódzka samorządowa jednostka organizacyjna", 
            "parent_sort": "0012", 
            "idef_sort": "0012-0007", 
            "os-priorytetowa-kod": "RPMP.09.00.00", 
            "dofinansowanie-ue": 215475.0
        }, 
        {
            "nip-beneficjenta": "6762083499", 
            "idef": "12-8", 
            "wydatki-kwalifikowalne": 80000.0, 
            "dofinansowanie": 68000.0, 
            "data-podpisania-umowyaneksu": "2007/12/17", 
            "dzialanie-kod": "RPMP.09.01.00", 
            "data-utworzenia-w-ksi-simik-07-13-umowyaneksu": "2008/08/19", 
            "numer-umowydecyzji": "RPMP.09.01.00-12-009/08-00", 
            "nazwa-beneficjenta": "Urząd Marszałkowski Województwa Małopolskiego", 
            "ostatni-wniosek-o-platnosc-dla-najbardziej-aktualnej-umowyaneksu": "RPMP.09.01.00-12-009/08-18", 
            "leaf": true, 
            "wojewodztwo": "Małopolskie", 
            "temat-priorytetu": "85 Przygotowanie, realizacja, monitorowanie i kontrola", 
            "type": "Projekt", 
            "powiat": "Powiat m. Kraków", 
            "projekt-zakonczony-wniosek-o-platnosc-koncowa": "Tak", 
            "parent": "12", 
            "program-operacyjny-nazwa": "Regionalny Program Operacyjny Województwa Małopolskiego", 
            "poddzialanie-kod": "", 
            "kod-pocztowy": "31-156", 
            "obszar-realizacji": "01 Obszar miejski", 
            "wartosc-ogolem": 80000.0, 
            "name": "Zarządzanie finansowe MRPO - Priorytet 9 PT MRPO", 
            "level": "b", 
            "miejscowosc": "Kraków", 
            "forma-prawna": "wojewódzka samorządowa jednostka organizacyjna", 
            "parent_sort": "0012", 
            "idef_sort": "0012-0008", 
            "os-priorytetowa-kod": "RPMP.09.00.00", 
            "dofinansowanie-ue": 68000.0
        }, 
        {
            "nip-beneficjenta": "6762083499", 
            "idef": "12-9", 
            "wydatki-kwalifikowalne": 160000.0, 
            "dofinansowanie": 136000.0, 
            "data-podpisania-umowyaneksu": "2007/12/17", 
            "dzialanie-kod": "RPMP.09.01.00", 
            "data-utworzenia-w-ksi-simik-07-13-umowyaneksu": "2008/09/15", 
            "numer-umowydecyzji": "RPMP.09.01.00-12-012/08-01", 
            "nazwa-beneficjenta": "Urząd Marszałkowski Województwa Małopolskiego", 
            "ostatni-wniosek-o-platnosc-dla-najbardziej-aktualnej-umowyaneksu": "RPMP.09.01.00-12-012/08-12", 
            "leaf": true, 
            "wojewodztwo": "Małopolskie", 
            "temat-priorytetu": "86 Ocena, badania/ekspertyzy, informacja i komunikacja", 
            "type": "Projekt", 
            "powiat": "Powiat m. Kraków", 
            "projekt-zakonczony-wniosek-o-platnosc-koncowa": "Tak", 
            "parent": "12", 
            "program-operacyjny-nazwa": "Regionalny Program Operacyjny Województwa Małopolskiego", 
            "poddzialanie-kod": "", 
            "kod-pocztowy": "31-156", 
            "obszar-realizacji": "01 Obszar miejski", 
            "wartosc-ogolem": 160000.0, 
            "name": "Analizy i badania oraz usługi zewnętrzne na potrzeby wspierania wdrażania MRPO 0 Priorytet 9 PT MRPO", 
            "level": "b", 
            "miejscowosc": "Kraków", 
            "forma-prawna": "wojewódzka samorządowa jednostka organizacyjna", 
            "parent_sort": "0012", 
            "idef_sort": "0012-0009", 
            "os-priorytetowa-kod": "RPMP.09.00.00", 
            "dofinansowanie-ue": 136000.0
        }, 
        {
            "nip-beneficjenta": "6762083499", 
            "idef": "12-10", 
            "wydatki-kwalifikowalne": 451094.0, 
            "dofinansowanie": 383430.0, 
            "data-podpisania-umowyaneksu": "2007/12/17", 
            "dzialanie-kod": "RPMP.09.01.00", 
            "data-utworzenia-w-ksi-simik-07-13-umowyaneksu": "2008/09/24", 
            "numer-umowydecyzji": "RPMP.09.01.00-12-013/08-01", 
            "nazwa-beneficjenta": "Urząd Marszałkowski Województwa Małopolskiego", 
            "ostatni-wniosek-o-platnosc-dla-najbardziej-aktualnej-umowyaneksu": "RPMP.09.01.00-12-013/08-18", 
            "leaf": true, 
            "wojewodztwo": "Małopolskie", 
            "temat-priorytetu": "85 Przygotowanie, realizacja, monitorowanie i kontrola", 
            "type": "Projekt", 
            "powiat": "Powiat m. Kraków", 
            "projekt-zakonczony-wniosek-o-platnosc-koncowa": "Tak", 
            "parent": "12", 
            "program-operacyjny-nazwa": "Regionalny Program Operacyjny Województwa Małopolskiego", 
            "poddzialanie-kod": "", 
            "kod-pocztowy": "31-156", 
            "obszar-realizacji": "01 Obszar miejski", 
            "wartosc-ogolem": 451094.0, 
            "name": "Budowa i rozwój systemu informatycznego w ramach MRPO - Priorytet 9 PT MRPO", 
            "level": "b", 
            "miejscowosc": "Kraków", 
            "forma-prawna": "wojewódzka samorządowa jednostka organizacyjna", 
            "parent_sort": "0012", 
            "idef_sort": "0012-0010", 
            "os-priorytetowa-kod": "RPMP.09.00.00", 
            "dofinansowanie-ue": 383430.0
        }, 
        {
            "nip-beneficjenta": "6762083499", 
            "idef": "12-11", 
            "wydatki-kwalifikowalne": 375000.0, 
            "dofinansowanie": 318750.0, 
            "data-podpisania-umowyaneksu": "2007/12/17", 
            "dzialanie-kod": "RPMP.09.01.00", 
            "data-utworzenia-w-ksi-simik-07-13-umowyaneksu": "2008/09/15", 
            "numer-umowydecyzji": "RPMP.09.01.00-12-014/08-01", 
            "nazwa-beneficjenta": "Urząd Marszałkowski Województwa Małopolskiego", 
            "ostatni-wniosek-o-platnosc-dla-najbardziej-aktualnej-umowyaneksu": "RPMP.09.01.00-12-014/08-12", 
            "leaf": true, 
            "wojewodztwo": "Małopolskie", 
            "temat-priorytetu": "85 Przygotowanie, realizacja, monitorowanie i kontrola", 
            "type": "Projekt", 
            "powiat": "Powiat m. Kraków", 
            "projekt-zakonczony-wniosek-o-platnosc-koncowa": "Tak", 
            "parent": "12", 
            "program-operacyjny-nazwa": "Regionalny Program Operacyjny Województwa Małopolskiego", 
            "poddzialanie-kod": "", 
            "kod-pocztowy": "31-156", 
            "obszar-realizacji": "01 Obszar miejski", 
            "wartosc-ogolem": 375000.0, 
            "name": "Obsługa procesu oceny projektów złożonych do MRPO 2007-2013 - Priorytet 9 PT MRPO", 
            "level": "b", 
            "miejscowosc": "Kraków", 
            "forma-prawna": "wojewódzka samorządowa jednostka organizacyjna", 
            "parent_sort": "0012", 
            "idef_sort": "0012-0011", 
            "os-priorytetowa-kod": "RPMP.09.00.00", 
            "dofinansowanie-ue": 318750.0
        }, 
        {
            "nip-beneficjenta": "6762083499", 
            "idef": "12-12", 
            "wydatki-kwalifikowalne": 9070000.0, 
            "dofinansowanie": 7709501.0, 
            "data-podpisania-umowyaneksu": "2007/12/17", 
            "dzialanie-kod": "RPMP.09.01.00", 
            "data-utworzenia-w-ksi-simik-07-13-umowyaneksu": "2008/08/19", 
            "numer-umowydecyzji": "RPMP.09.01.00-12-015/08-01", 
            "nazwa-beneficjenta": "Urząd Marszałkowski Województwa Małopolskiego", 
            "ostatni-wniosek-o-platnosc-dla-najbardziej-aktualnej-umowyaneksu": "RPMP.09.01.00-12-015/08-12", 
            "leaf": true, 
            "wojewodztwo": "Małopolskie", 
            "temat-priorytetu": "85 Przygotowanie, realizacja, monitorowanie i kontrola", 
            "type": "Projekt", 
            "powiat": "Powiat m. Kraków", 
            "projekt-zakonczony-wniosek-o-platnosc-koncowa": "Tak", 
            "parent": "12", 
            "program-operacyjny-nazwa": "Regionalny Program Operacyjny Województwa Małopolskiego", 
            "poddzialanie-kod": "", 
            "kod-pocztowy": "31-156", 
            "obszar-realizacji": "01 Obszar miejski", 
            "wartosc-ogolem": 9070000.0, 
            "name": "Pomoc Techniczna MRPO - zasoby ludzkie", 
            "level": "b", 
            "miejscowosc": "Kraków", 
            "forma-prawna": "wojewódzka samorządowa jednostka organizacyjna", 
            "parent_sort": "0012", 
            "idef_sort": "0012-0012", 
            "os-priorytetowa-kod": "RPMP.09.00.00", 
            "dofinansowanie-ue": 7709501.0
        }, 
        {
            "nip-beneficjenta": "6762083499", 
            "idef": "12-13", 
            "wydatki-kwalifikowalne": 618000.0, 
            "dofinansowanie": 525300.0, 
            "data-podpisania-umowyaneksu": "2007/12/17", 
            "dzialanie-kod": "RPMP.09.01.00", 
            "data-utworzenia-w-ksi-simik-07-13-umowyaneksu": "2008/08/21", 
            "numer-umowydecyzji": "RPMP.09.01.00-12-016/08-03", 
            "nazwa-beneficjenta": "Urząd Marszałkowski Województwa Małopolskiego", 
            "ostatni-wniosek-o-platnosc-dla-najbardziej-aktualnej-umowyaneksu": "RPMP.09.01.00-12-016/08-12", 
            "leaf": true, 
            "wojewodztwo": "Małopolskie", 
            "temat-priorytetu": "85 Przygotowanie, realizacja, monitorowanie i kontrola", 
            "type": "Projekt", 
            "powiat": "Powiat m. Kraków", 
            "projekt-zakonczony-wniosek-o-platnosc-koncowa": "Tak", 
            "parent": "12", 
            "program-operacyjny-nazwa": "Regionalny Program Operacyjny Województwa Małopolskiego", 
            "poddzialanie-kod": "", 
            "kod-pocztowy": "31-156", 
            "obszar-realizacji": "01 Obszar miejski", 
            "wartosc-ogolem": 618000.0, 
            "name": "Pomoc Techniczna Priorytet 9 PT MRPO - seminaria w zakresie zarządzania i wdrażania", 
            "level": "b", 
            "miejscowosc": "Kraków", 
            "forma-prawna": "wojewódzka samorządowa jednostka organizacyjna", 
            "parent_sort": "0012", 
            "idef_sort": "0012-0013", 
            "os-priorytetowa-kod": "RPMP.09.00.00", 
            "dofinansowanie-ue": 525300.0
        }, 
        {
            "nip-beneficjenta": "6762083499", 
            "idef": "12-14", 
            "wydatki-kwalifikowalne": 2720000.0, 
            "dofinansowanie": 2312000.0, 
            "data-podpisania-umowyaneksu": "2007/12/17", 
            "dzialanie-kod": "RPMP.09.01.00", 
            "data-utworzenia-w-ksi-simik-07-13-umowyaneksu": "2008/08/20", 
            "numer-umowydecyzji": "RPMP.09.01.00-12-017/08-01", 
            "nazwa-beneficjenta": "Urząd Marszałkowski Województwa Małopolskiego", 
            "ostatni-wniosek-o-platnosc-dla-najbardziej-aktualnej-umowyaneksu": "RPMP.09.01.00-12-017/08-12", 
            "leaf": true, 
            "wojewodztwo": "Małopolskie", 
            "temat-priorytetu": "85 Przygotowanie, realizacja, monitorowanie i kontrola", 
            "type": "Projekt", 
            "powiat": "Powiat m. Kraków", 
            "projekt-zakonczony-wniosek-o-platnosc-koncowa": "Tak", 
            "parent": "12", 
            "program-operacyjny-nazwa": "Regionalny Program Operacyjny Województwa Małopolskiego", 
            "poddzialanie-kod": "", 
            "kod-pocztowy": "31-156", 
            "obszar-realizacji": "01 Obszar miejski", 
            "wartosc-ogolem": 2720000.0, 
            "name": "Pomoc Techniczna Priorytet 9 PT MRPO - obsługa logistyczna i informatyczna", 
            "level": "b", 
            "miejscowosc": "Kraków", 
            "forma-prawna": "wojewódzka samorządowa jednostka organizacyjna", 
            "parent_sort": "0012", 
            "idef_sort": "0012-0014", 
            "os-priorytetowa-kod": "RPMP.09.00.00", 
            "dofinansowanie-ue": 2312000.0
        }, 
        {
            "nip-beneficjenta": "6751378475", 
            "idef": "12-15", 
            "wydatki-kwalifikowalne": 4150000.0, 
            "dofinansowanie": 3527500.0, 
            "data-podpisania-umowyaneksu": "2007/12/17", 
            "dzialanie-kod": "RPMP.09.01.00", 
            "data-utworzenia-w-ksi-simik-07-13-umowyaneksu": "2008/08/20", 
            "numer-umowydecyzji": "RPMP.09.01.00-12-019/08-03", 
            "nazwa-beneficjenta": "Małopolskie Centrum Przedsiębiorczości", 
            "ostatni-wniosek-o-platnosc-dla-najbardziej-aktualnej-umowyaneksu": "RPMP.09.01.00-12-019/08-12", 
            "leaf": true, 
            "wojewodztwo": "Małopolskie", 
            "temat-priorytetu": "85 Przygotowanie, realizacja, monitorowanie i kontrola", 
            "type": "Projekt", 
            "powiat": "Powiat m. Kraków", 
            "projekt-zakonczony-wniosek-o-platnosc-koncowa": "Tak", 
            "parent": "12", 
            "program-operacyjny-nazwa": "Regionalny Program Operacyjny Województwa Małopolskiego", 
            "poddzialanie-kod": "", 
            "kod-pocztowy": "31-542", 
            "obszar-realizacji": "01 Obszar miejski", 
            "wartosc-ogolem": 4281741.0, 
            "name": "Działalność Instytucji Pośredniczącej II stopnia dla 2 osi priorytetowej MRPO \"Gospodarka regionalnej szansy\" - Priorytet 9 PT MRPO", 
            "level": "b", 
            "miejscowosc": "Kraków", 
            "forma-prawna": "wojewódzka samorządowa jednostka organizacyjna", 
            "parent_sort": "0012", 
            "idef_sort": "0012-0015", 
            "os-priorytetowa-kod": "RPMP.09.00.00", 
            "dofinansowanie-ue": 3527500.0
        }, 
        {
            "nip-beneficjenta": "6762083499", 
            "idef": "12-16", 
            "wydatki-kwalifikowalne": 442405.0, 
            "dofinansowanie": 376044.0, 
            "data-podpisania-umowyaneksu": "2007/10/11", 
            "dzialanie-kod": "RPMP.09.02.00", 
            "data-utworzenia-w-ksi-simik-07-13-umowyaneksu": "2008/08/19", 
            "numer-umowydecyzji": "RPMP.09.02.00-12-003/07-00", 
            "nazwa-beneficjenta": "Urząd Marszałkowski Województwa Małopolskiego", 
            "ostatni-wniosek-o-platnosc-dla-najbardziej-aktualnej-umowyaneksu": "RPMP.09.02.00-12-003/07-01", 
            "leaf": true, 
            "wojewodztwo": "Małopolskie", 
            "temat-priorytetu": "86 Ocena, badania/ekspertyzy, informacja i komunikacja", 
            "type": "Projekt", 
            "powiat": "Powiat m. Kraków", 
            "projekt-zakonczony-wniosek-o-platnosc-koncowa": "Tak", 
            "parent": "12", 
            "program-operacyjny-nazwa": "Regionalny Program Operacyjny Województwa Małopolskiego", 
            "poddzialanie-kod": "", 
            "kod-pocztowy": "31-156", 
            "obszar-realizacji": "01 Obszar miejski", 
            "wartosc-ogolem": 442405.0, 
            "name": "Promocja Programów w ramach funduszy europejskich na lata 2007-2013", 
            "level": "b", 
            "miejscowosc": "Kraków", 
            "forma-prawna": "wojewódzka samorządowa jednostka organizacyjna", 
            "parent_sort": "0012", 
            "idef_sort": "0012-0016", 
            "os-priorytetowa-kod": "RPMP.09.00.00", 
            "dofinansowanie-ue": 376044.0
        }, 
        {
            "nip-beneficjenta": "6762083499", 
            "idef": "12-17", 
            "wydatki-kwalifikowalne": 1047650.0, 
            "dofinansowanie": 890503.0, 
            "data-podpisania-umowyaneksu": "2007/12/17", 
            "dzialanie-kod": "RPMP.09.02.00", 
            "data-utworzenia-w-ksi-simik-07-13-umowyaneksu": "2008/08/19", 
            "numer-umowydecyzji": "RPMP.09.02.00-12-010/08-03", 
            "nazwa-beneficjenta": "Urząd Marszałkowski Województwa Małopolskiego", 
            "ostatni-wniosek-o-platnosc-dla-najbardziej-aktualnej-umowyaneksu": "RPMP.09.02.00-12-010/08-18", 
            "leaf": true, 
            "wojewodztwo": "Małopolskie", 
            "temat-priorytetu": "86 Ocena, badania/ekspertyzy, informacja i komunikacja", 
            "type": "Projekt", 
            "powiat": "Powiat m. Kraków", 
            "projekt-zakonczony-wniosek-o-platnosc-koncowa": "Tak", 
            "parent": "12", 
            "program-operacyjny-nazwa": "Regionalny Program Operacyjny Województwa Małopolskiego", 
            "poddzialanie-kod": "", 
            "kod-pocztowy": "31-156", 
            "obszar-realizacji": "01 Obszar miejski", 
            "wartosc-ogolem": 1047650.0, 
            "name": "Promocja MRPO - Priorytet 9 PT MRPO", 
            "level": "b", 
            "miejscowosc": "Kraków", 
            "forma-prawna": "wojewódzka samorządowa jednostka organizacyjna", 
            "parent_sort": "0012", 
            "idef_sort": "0012-0017", 
            "os-priorytetowa-kod": "RPMP.09.00.00", 
            "dofinansowanie-ue": 890503.0
        }, 
        {
            "nip-beneficjenta": "6762083499", 
            "idef": "12-18", 
            "wydatki-kwalifikowalne": 1292641.0, 
            "dofinansowanie": 1098745.0, 
            "data-podpisania-umowyaneksu": "2007/12/17", 
            "dzialanie-kod": "RPMP.09.02.00", 
            "data-utworzenia-w-ksi-simik-07-13-umowyaneksu": "2008/12/02", 
            "numer-umowydecyzji": "RPMP.09.02.00-12-011/08-03", 
            "nazwa-beneficjenta": "Urząd Marszałkowski Województwa Małopolskiego", 
            "ostatni-wniosek-o-platnosc-dla-najbardziej-aktualnej-umowyaneksu": "RPMP.09.02.00-12-011/08-18", 
            "leaf": true, 
            "wojewodztwo": "Małopolskie", 
            "temat-priorytetu": "86 Ocena, badania/ekspertyzy, informacja i komunikacja", 
            "type": "Projekt", 
            "powiat": "Powiat m. Kraków", 
            "projekt-zakonczony-wniosek-o-platnosc-koncowa": "Tak", 
            "parent": "12", 
            "program-operacyjny-nazwa": "Regionalny Program Operacyjny Województwa Małopolskiego", 
            "poddzialanie-kod": "", 
            "kod-pocztowy": "31-156", 
            "obszar-realizacji": "01 Obszar miejski", 
            "wartosc-ogolem": 1292641.0, 
            "name": "Działania szkoleniowe i informacyjne dla Beneficjentów MRPO i promocja efektów ZPORR - PRiorytet 9 PT MRPO", 
            "level": "b", 
            "miejscowosc": "Kraków", 
            "forma-prawna": "wojewódzka samorządowa jednostka organizacyjna", 
            "parent_sort": "0012", 
            "idef_sort": "0012-0018", 
            "os-priorytetowa-kod": "RPMP.09.00.00", 
            "dofinansowanie-ue": 1098745.0
        }, 
        {
            "nip-beneficjenta": "", 
            "idef": "14", 
            "wydatki-kwalifikowalne": 1130000.0, 
            "dofinansowanie": 960500.0, 
            "data-podpisania-umowyaneksu": "", 
            "dzialanie-kod": "", 
            "data-utworzenia-w-ksi-simik-07-13-umowyaneksu": "", 
            "numer-umowydecyzji": "", 
            "nazwa-beneficjenta": "", 
            "ostatni-wniosek-o-platnosc-dla-najbardziej-aktualnej-umowyaneksu": "", 
            "leaf": false, 
            "wojewodztwo": "", 
            "temat-priorytetu": "", 
            "type": "Województwo", 
            "powiat": "", 
            "projekt-zakonczony-wniosek-o-platnosc-koncowa": "", 
            "parent": null, 
            "program-operacyjny-nazwa": "", 
            "poddzialanie-kod": "", 
            "kod-pocztowy": "", 
            "obszar-realizacji": "", 
            "wartosc-ogolem": 1130000.0, 
            "name": "Mazowieckie", 
            "level": "a", 
            "miejscowosc": "", 
            "forma-prawna": "", 
            "parent_sort": null, 
            "idef_sort": "0014", 
            "os-priorytetowa-kod": "", 
            "dofinansowanie-ue": 960500.0
        }, 
        {
            "nip-beneficjenta": "5252087227", 
            "idef": "14-1", 
            "wydatki-kwalifikowalne": 930000.0, 
            "dofinansowanie": 790500.0, 
            "data-podpisania-umowyaneksu": "2007/10/23", 
            "dzialanie-kod": "RPMA.08.01.00", 
            "data-utworzenia-w-ksi-simik-07-13-umowyaneksu": "2008/09/02", 
            "numer-umowydecyzji": "RPMA.08.01.00-14-004/07-00", 
            "nazwa-beneficjenta": "Urząd Marszałkowski Województwa Mazowieckiego", 
            "ostatni-wniosek-o-platnosc-dla-najbardziej-aktualnej-umowyaneksu": "RPMA.08.01.00-14-004/07-01", 
            "leaf": true, 
            "wojewodztwo": "Mazowieckie", 
            "temat-priorytetu": "85 Przygotowanie, realizacja, monitorowanie i kontrola", 
            "type": "Projekt", 
            "powiat": "Powiat m. st. Warszawa", 
            "projekt-zakonczony-wniosek-o-platnosc-koncowa": "Tak", 
            "parent": "14", 
            "program-operacyjny-nazwa": "Regionalny Program Operacyjny Województwa Mazowieckiego", 
            "poddzialanie-kod": "", 
            "kod-pocztowy": "03-719", 
            "obszar-realizacji": "00 Nie dotyczy", 
            "wartosc-ogolem": 930000.0, 
            "name": "PLAN DZIAŁAŃ POMOCY TECHNICZNEJ NA LATA 2007 - 2008 W RAMACH REGIONALNEGO PROGRAMU OPERACYJNEGO WOJEWÓDZTWA MAZOWIECKIEGO NA LATA 2007 - 2013. CZĘŚĆ A PLAN DZIAŁAŃ POMOCY TECHNICZNEJ RPO NA 2007 r.", 
            "level": "b", 
            "miejscowosc": "Warszawa", 
            "forma-prawna": "wojewódzka samorządowa jednostka organizacyjna", 
            "parent_sort": "0014", 
            "idef_sort": "0014-0001", 
            "os-priorytetowa-kod": "RPMA.08.00.00", 
            "dofinansowanie-ue": 790500.0
        }, 
        {
            "nip-beneficjenta": "1132669019", 
            "idef": "14-2", 
            "wydatki-kwalifikowalne": 200000.0, 
            "dofinansowanie": 170000.0, 
            "data-podpisania-umowyaneksu": "2007/10/30", 
            "dzialanie-kod": "RPMA.08.02.00", 
            "data-utworzenia-w-ksi-simik-07-13-umowyaneksu": "2009/02/26", 
            "numer-umowydecyzji": "RPMA.08.02.00-14-001/07-01", 
            "nazwa-beneficjenta": "Mazowiecka Jednostka Wdrażania Programów Unijnych", 
            "ostatni-wniosek-o-platnosc-dla-najbardziej-aktualnej-umowyaneksu": "", 
            "leaf": true, 
            "wojewodztwo": "Mazowieckie", 
            "temat-priorytetu": "86 Ocena, badania/ekspertyzy, informacja i komunikacja", 
            "type": "Projekt", 
            "powiat": "Powiat m. st. Warszawa", 
            "projekt-zakonczony-wniosek-o-platnosc-koncowa": "", 
            "parent": "14", 
            "program-operacyjny-nazwa": "Regionalny Program Operacyjny Województwa Mazowieckiego", 
            "poddzialanie-kod": "", 
            "kod-pocztowy": "03-301", 
            "obszar-realizacji": "00 Nie dotyczy", 
            "wartosc-ogolem": 200000.0, 
            "name": "PLAN DZIAŁAŃ POMOCY TECHNICZNEJ NA LATA 2007 - 2008 W RAMACH REGIONALNEGO PROGRAMU OPERACYJNEGO WOJEWÓDZTWA MAZOWIECKIEGO 2007 - 2013. CZĘŚĆ A PLAN DZIAŁAŃ POMOCY TECHNICZNEJ RPO NA 2007 r.", 
            "level": "b", 
            "miejscowosc": "Warszawa", 
            "forma-prawna": "wojewódzka samorządowa jednostka organizacyjna", 
            "parent_sort": "0014", 
            "idef_sort": "0014-0002", 
            "os-priorytetowa-kod": "RPMA.08.00.00", 
            "dofinansowanie-ue": 170000.0
        }
    ], 
    "response": "OK"
}