{
    "count": 30, 
    "issue": "2008", 
    "view_id": 1, 
    "request": "europejski-fundusz-rozwoju-regionalnego-szczebel-wojewodzki-2008", 
    "uri": "http://otwartedane.pl/api/json/dataset/4/view/1/issue/2008/", 
    "dataset_id": 4, 
    "data": [
        {
            "nip-beneficjenta": "", 
            "idef": "10", 
            "wydatki-kwalifikowalne": 11914578.0, 
            "dofinansowanie": 10127391.0, 
            "data-podpisania-umowyaneksu": "", 
            "dzialanie-kod": "", 
            "data-utworzenia-w-ksi-simik-07-13-umowyaneksu": "", 
            "numer-umowydecyzji": "", 
            "nazwa-beneficjenta": "", 
            "ostatni-wniosek-o-platnosc-dla-najbardziej-aktualnej-umowyaneksu": "", 
            "leaf": false, 
            "wojewodztwo": "", 
            "temat-priorytetu": "", 
            "type": "Województwo", 
            "powiat": "", 
            "projekt-zakonczony-wniosek-o-platnosc-koncowa": "", 
            "parent": null, 
            "program-operacyjny-nazwa": "", 
            "poddzialanie-kod": "", 
            "kod-pocztowy": "", 
            "obszar-realizacji": "", 
            "wartosc-ogolem": 11914578.0, 
            "name": "Łódzkie", 
            "level": "a", 
            "miejscowosc": "", 
            "forma-prawna": "", 
            "parent_sort": null, 
            "idef_sort": "0010", 
            "os-priorytetowa-kod": "", 
            "dofinansowanie-ue": 10127391.0
        }, 
        {
            "nip-beneficjenta": "7251708148", 
            "idef": "10-1", 
            "wydatki-kwalifikowalne": 11914578.0, 
            "dofinansowanie": 10127391.0, 
            "data-podpisania-umowyaneksu": "2008/12/30", 
            "dzialanie-kod": "RPLD.07.01.00", 
            "data-utworzenia-w-ksi-simik-07-13-umowyaneksu": "2009/06/24", 
            "numer-umowydecyzji": "RPLD.07.01.00-00-001/08-05", 
            "nazwa-beneficjenta": "Urząd Marszałkowski w Łodzi", 
            "ostatni-wniosek-o-platnosc-dla-najbardziej-aktualnej-umowyaneksu": "", 
            "leaf": true, 
            "wojewodztwo": "Łódzkie", 
            "temat-priorytetu": "85 Przygotowanie, realizacja, monitorowanie i kontrola", 
            "type": "Projekt", 
            "powiat": "Powiat m. Łódź", 
            "projekt-zakonczony-wniosek-o-platnosc-koncowa": "", 
            "parent": "10", 
            "program-operacyjny-nazwa": "Regionalny Program Operacyjny Województwa Łódzkiego", 
            "poddzialanie-kod": "", 
            "kod-pocztowy": "90-051", 
            "obszar-realizacji": "00 Nie dotyczy", 
            "wartosc-ogolem": 11914578.0, 
            "name": "Roczny Plan Realizacji Działań na rok 2008 w ramach Pomocy Technicznej Regionalnego Programu Operacyjnego Województwa Łódzkiego", 
            "level": "b", 
            "miejscowosc": "Łódź", 
            "forma-prawna": "wojewódzka samorządowa jednostka organizacyjna", 
            "parent_sort": "0010", 
            "idef_sort": "0010-0001", 
            "os-priorytetowa-kod": "RPLD.07.00.00", 
            "dofinansowanie-ue": 10127391.0
        }, 
        {
            "nip-beneficjenta": "", 
            "idef": "12", 
            "wydatki-kwalifikowalne": 980350.0, 
            "dofinansowanie": 833297.0, 
            "data-podpisania-umowyaneksu": "", 
            "dzialanie-kod": "", 
            "data-utworzenia-w-ksi-simik-07-13-umowyaneksu": "", 
            "numer-umowydecyzji": "", 
            "nazwa-beneficjenta": "", 
            "ostatni-wniosek-o-platnosc-dla-najbardziej-aktualnej-umowyaneksu": "", 
            "leaf": false, 
            "wojewodztwo": "", 
            "temat-priorytetu": "", 
            "type": "Województwo", 
            "powiat": "", 
            "projekt-zakonczony-wniosek-o-platnosc-koncowa": "", 
            "parent": null, 
            "program-operacyjny-nazwa": "", 
            "poddzialanie-kod": "", 
            "kod-pocztowy": "", 
            "obszar-realizacji": "", 
            "wartosc-ogolem": 982350.0, 
            "name": "Małopolskie", 
            "level": "a", 
            "miejscowosc": "", 
            "forma-prawna": "", 
            "parent_sort": null, 
            "idef_sort": "0012", 
            "os-priorytetowa-kod": "", 
            "dofinansowanie-ue": 833297.0
        }, 
        {
            "nip-beneficjenta": "6762083499", 
            "idef": "12-1", 
            "wydatki-kwalifikowalne": 22350.0, 
            "dofinansowanie": 18997.0, 
            "data-podpisania-umowyaneksu": "2008/07/03", 
            "dzialanie-kod": "RPMP.09.01.00", 
            "data-utworzenia-w-ksi-simik-07-13-umowyaneksu": "2008/08/20", 
            "numer-umowydecyzji": "RPMP.09.01.00-12-021/08-00", 
            "nazwa-beneficjenta": "Urząd Marszałkowski Województwa Małopolskiego", 
            "ostatni-wniosek-o-platnosc-dla-najbardziej-aktualnej-umowyaneksu": "RPMP.09.01.00-12-021/08-06", 
            "leaf": true, 
            "wojewodztwo": "Małopolskie", 
            "temat-priorytetu": "85 Przygotowanie, realizacja, monitorowanie i kontrola", 
            "type": "Projekt", 
            "powiat": "Powiat m. Kraków", 
            "projekt-zakonczony-wniosek-o-platnosc-koncowa": "Tak", 
            "parent": "12", 
            "program-operacyjny-nazwa": "Regionalny Program Operacyjny Województwa Małopolskiego", 
            "poddzialanie-kod": "", 
            "kod-pocztowy": "31-156", 
            "obszar-realizacji": "01 Obszar miejski", 
            "wartosc-ogolem": 22350.0, 
            "name": "Pomoc Techniczna Priorytet 9 MRPO - delegacje zagraniczne", 
            "level": "b", 
            "miejscowosc": "Kraków", 
            "forma-prawna": "wojewódzka samorządowa jednostka organizacyjna", 
            "parent_sort": "0012", 
            "idef_sort": "0012-0001", 
            "os-priorytetowa-kod": "RPMP.09.00.00", 
            "dofinansowanie-ue": 18997.0
        }, 
        {
            "nip-beneficjenta": "6762083499", 
            "idef": "12-2", 
            "wydatki-kwalifikowalne": 12000.0, 
            "dofinansowanie": 10200.0, 
            "data-podpisania-umowyaneksu": "2008/05/29", 
            "dzialanie-kod": "RPMP.09.02.00", 
            "data-utworzenia-w-ksi-simik-07-13-umowyaneksu": "2008/08/21", 
            "numer-umowydecyzji": "RPMP.09.02.00-12-018/08-00", 
            "nazwa-beneficjenta": "Urząd Marszałkowski Województwa Małopolskiego", 
            "ostatni-wniosek-o-platnosc-dla-najbardziej-aktualnej-umowyaneksu": "RPMP.09.02.00-12-018/08-08", 
            "leaf": true, 
            "wojewodztwo": "Małopolskie", 
            "temat-priorytetu": "86 Ocena, badania/ekspertyzy, informacja i komunikacja", 
            "type": "Projekt", 
            "powiat": "Powiat m. Kraków", 
            "projekt-zakonczony-wniosek-o-platnosc-koncowa": "Tak", 
            "parent": "12", 
            "program-operacyjny-nazwa": "Regionalny Program Operacyjny Województwa Małopolskiego", 
            "poddzialanie-kod": "", 
            "kod-pocztowy": "31-156", 
            "obszar-realizacji": "01 Obszar miejski", 
            "wartosc-ogolem": 12000.0, 
            "name": "Pomoc Techniczna Priorytet 9 MRPO - Podróże służbowe", 
            "level": "b", 
            "miejscowosc": "Kraków", 
            "forma-prawna": "wojewódzka samorządowa jednostka organizacyjna", 
            "parent_sort": "0012", 
            "idef_sort": "0012-0002", 
            "os-priorytetowa-kod": "RPMP.09.00.00", 
            "dofinansowanie-ue": 10200.0
        }, 
        {
            "nip-beneficjenta": "6751378475", 
            "idef": "12-3", 
            "wydatki-kwalifikowalne": 350000.0, 
            "dofinansowanie": 297500.0, 
            "data-podpisania-umowyaneksu": "2008/05/08", 
            "dzialanie-kod": "RPMP.09.02.00", 
            "data-utworzenia-w-ksi-simik-07-13-umowyaneksu": "2008/08/20", 
            "numer-umowydecyzji": "RPMP.09.02.00-12-020/08-00", 
            "nazwa-beneficjenta": "Małopolskie Centrum Przedsiębiorczości", 
            "ostatni-wniosek-o-platnosc-dla-najbardziej-aktualnej-umowyaneksu": "RPMP.09.02.00-12-020/08-08", 
            "leaf": true, 
            "wojewodztwo": "Małopolskie", 
            "temat-priorytetu": "86 Ocena, badania/ekspertyzy, informacja i komunikacja", 
            "type": "Projekt", 
            "powiat": "Powiat m. Kraków", 
            "projekt-zakonczony-wniosek-o-platnosc-koncowa": "Tak", 
            "parent": "12", 
            "program-operacyjny-nazwa": "Regionalny Program Operacyjny Województwa Małopolskiego", 
            "poddzialanie-kod": "", 
            "kod-pocztowy": "31-542", 
            "obszar-realizacji": "01 Obszar miejski", 
            "wartosc-ogolem": 350000.0, 
            "name": "Działalność informacyjno - promocyjna Instytucji Pośredniczącej II stopnia dla 2 osi priorytetowej MRPO \"Gospodarka regionalnej szansy\" - Priorytet 9 PT MRPO", 
            "level": "b", 
            "miejscowosc": "Kraków", 
            "forma-prawna": "wojewódzka samorządowa jednostka organizacyjna", 
            "parent_sort": "0012", 
            "idef_sort": "0012-0003", 
            "os-priorytetowa-kod": "RPMP.09.00.00", 
            "dofinansowanie-ue": 297500.0
        }, 
        {
            "nip-beneficjenta": "6751378475", 
            "idef": "12-4", 
            "wydatki-kwalifikowalne": 596000.0, 
            "dofinansowanie": 506600.0, 
            "data-podpisania-umowyaneksu": "2008/12/22", 
            "dzialanie-kod": "RPMP.09.02.00", 
            "data-utworzenia-w-ksi-simik-07-13-umowyaneksu": "2009/02/04", 
            "numer-umowydecyzji": "RPMP.09.02.00-12-038/09-00", 
            "nazwa-beneficjenta": "Małopolskie Centrum Przedsiębiorczości", 
            "ostatni-wniosek-o-platnosc-dla-najbardziej-aktualnej-umowyaneksu": "RPMP.09.02.00-12-038/09-12", 
            "leaf": true, 
            "wojewodztwo": "Małopolskie", 
            "temat-priorytetu": "86 Ocena, badania/ekspertyzy, informacja i komunikacja", 
            "type": "Projekt", 
            "powiat": "Powiat m. Kraków", 
            "projekt-zakonczony-wniosek-o-platnosc-koncowa": "Tak", 
            "parent": "12", 
            "program-operacyjny-nazwa": "Regionalny Program Operacyjny Województwa Małopolskiego", 
            "poddzialanie-kod": "", 
            "kod-pocztowy": "31-542", 
            "obszar-realizacji": "01 Obszar miejski", 
            "wartosc-ogolem": 598000.0, 
            "name": "Działalność informacyjno - promocyjna Instytuacji Pośredniczącej II stopnia dla 2 osi priorytetowej MRPO \"Gospodarka regionalnej szansy\" - w 2009 roku - PT MRPO", 
            "level": "b", 
            "miejscowosc": "Kraków", 
            "forma-prawna": "wojewódzka samorządowa jednostka organizacyjna", 
            "parent_sort": "0012", 
            "idef_sort": "0012-0004", 
            "os-priorytetowa-kod": "RPMP.09.00.00", 
            "dofinansowanie-ue": 506600.0
        }, 
        {
            "nip-beneficjenta": "", 
            "idef": "14", 
            "wydatki-kwalifikowalne": 3840476.0, 
            "dofinansowanie": 3264404.6, 
            "data-podpisania-umowyaneksu": "", 
            "dzialanie-kod": "", 
            "data-utworzenia-w-ksi-simik-07-13-umowyaneksu": "", 
            "numer-umowydecyzji": "", 
            "nazwa-beneficjenta": "", 
            "ostatni-wniosek-o-platnosc-dla-najbardziej-aktualnej-umowyaneksu": "", 
            "leaf": false, 
            "wojewodztwo": "", 
            "temat-priorytetu": "", 
            "type": "Województwo", 
            "powiat": "", 
            "projekt-zakonczony-wniosek-o-platnosc-koncowa": "", 
            "parent": null, 
            "program-operacyjny-nazwa": "", 
            "poddzialanie-kod": "", 
            "kod-pocztowy": "", 
            "obszar-realizacji": "", 
            "wartosc-ogolem": 3840476.0, 
            "name": "Mazowieckie", 
            "level": "a", 
            "miejscowosc": "", 
            "forma-prawna": "", 
            "parent_sort": null, 
            "idef_sort": "0014", 
            "os-priorytetowa-kod": "", 
            "dofinansowanie-ue": 3264404.6
        }, 
        {
            "nip-beneficjenta": "5252087227", 
            "idef": "14-1", 
            "wydatki-kwalifikowalne": 3840476.0, 
            "dofinansowanie": 3264404.6, 
            "data-podpisania-umowyaneksu": "2008/12/02", 
            "dzialanie-kod": "RPMA.08.01.00", 
            "data-utworzenia-w-ksi-simik-07-13-umowyaneksu": "2008/12/05", 
            "numer-umowydecyzji": "RPMA.08.01.00-14-005/08-01", 
            "nazwa-beneficjenta": "Urząd Marszałkowski Województwa Mazowieckiego", 
            "ostatni-wniosek-o-platnosc-dla-najbardziej-aktualnej-umowyaneksu": "RPMA.08.01.00-14-005/08-04", 
            "leaf": true, 
            "wojewodztwo": "Mazowieckie", 
            "temat-priorytetu": "85 Przygotowanie, realizacja, monitorowanie i kontrola", 
            "type": "Projekt", 
            "powiat": "Powiat m. st. Warszawa", 
            "projekt-zakonczony-wniosek-o-platnosc-koncowa": "Tak", 
            "parent": "14", 
            "program-operacyjny-nazwa": "Regionalny Program Operacyjny Województwa Mazowieckiego", 
            "poddzialanie-kod": "", 
            "kod-pocztowy": "03-719", 
            "obszar-realizacji": "00 Nie dotyczy", 
            "wartosc-ogolem": 3840476.0, 
            "name": "ROCZNY PLAN DZIAŁAŃ POMOCY TECHNICZNEJ RPO WM na 2008 rok. w zakresie wsparcia procesów zarządzania i wdrażania RPO WM", 
            "level": "b", 
            "miejscowosc": "Warszawa", 
            "forma-prawna": "wojewódzka samorządowa jednostka organizacyjna", 
            "parent_sort": "0014", 
            "idef_sort": "0014-0001", 
            "os-priorytetowa-kod": "RPMA.08.00.00", 
            "dofinansowanie-ue": 3264404.6
        }, 
        {
            "nip-beneficjenta": "", 
            "idef": "22", 
            "wydatki-kwalifikowalne": 6928151.94, 
            "dofinansowanie": 5196113.93, 
            "data-podpisania-umowyaneksu": "", 
            "dzialanie-kod": "", 
            "data-utworzenia-w-ksi-simik-07-13-umowyaneksu": "", 
            "numer-umowydecyzji": "", 
            "nazwa-beneficjenta": "", 
            "ostatni-wniosek-o-platnosc-dla-najbardziej-aktualnej-umowyaneksu": "", 
            "leaf": false, 
            "wojewodztwo": "", 
            "temat-priorytetu": "", 
            "type": "Województwo", 
            "powiat": "", 
            "projekt-zakonczony-wniosek-o-platnosc-koncowa": "", 
            "parent": null, 
            "program-operacyjny-nazwa": "", 
            "poddzialanie-kod": "", 
            "kod-pocztowy": "", 
            "obszar-realizacji": "", 
            "wartosc-ogolem": 6928151.94, 
            "name": "Pomorskie", 
            "level": "a", 
            "miejscowosc": "", 
            "forma-prawna": "", 
            "parent_sort": null, 
            "idef_sort": "0022", 
            "os-priorytetowa-kod": "", 
            "dofinansowanie-ue": 5196113.93
        }, 
        {
            "nip-beneficjenta": "5832569948", 
            "idef": "22-1", 
            "wydatki-kwalifikowalne": 1212722.63, 
            "dofinansowanie": 909541.95, 
            "data-podpisania-umowyaneksu": "2008/06/26", 
            "dzialanie-kod": "RPPM.10.01.00", 
            "data-utworzenia-w-ksi-simik-07-13-umowyaneksu": "2009/04/17", 
            "numer-umowydecyzji": "RPPM.10.01.00-00-001/08-01", 
            "nazwa-beneficjenta": "Samorząd Województwa Pomorskiego", 
            "ostatni-wniosek-o-platnosc-dla-najbardziej-aktualnej-umowyaneksu": "", 
            "leaf": true, 
            "wojewodztwo": "Pomorskie", 
            "temat-priorytetu": "85 Przygotowanie, realizacja, monitorowanie i kontrola", 
            "type": "Projekt", 
            "powiat": "Powiat m. Gdańsk", 
            "projekt-zakonczony-wniosek-o-platnosc-koncowa": "", 
            "parent": "22", 
            "program-operacyjny-nazwa": "Regionalny Program Operacyjny Województwa Pomorskiego", 
            "poddzialanie-kod": "", 
            "kod-pocztowy": "80-810", 
            "obszar-realizacji": "00 Nie dotyczy", 
            "wartosc-ogolem": 1212722.63, 
            "name": "Wsparcie procesu zarządzania i wdrażania RPO WP w 2007 roku.", 
            "level": "b", 
            "miejscowosc": "Gdańsk", 
            "forma-prawna": "wspólnota samorządowa - województwo", 
            "parent_sort": "0022", 
            "idef_sort": "0022-0001", 
            "os-priorytetowa-kod": "RPPM.10.00.00", 
            "dofinansowanie-ue": 909541.95
        }, 
        {
            "nip-beneficjenta": "5832569948", 
            "idef": "22-2", 
            "wydatki-kwalifikowalne": 2172000.0, 
            "dofinansowanie": 1629000.0, 
            "data-podpisania-umowyaneksu": "2008/12/31", 
            "dzialanie-kod": "RPPM.10.02.00", 
            "data-utworzenia-w-ksi-simik-07-13-umowyaneksu": "2009/01/15", 
            "numer-umowydecyzji": "RPPM.10.02.00-00-001/08-03", 
            "nazwa-beneficjenta": "Samorząd Województwa Pomorskiego", 
            "ostatni-wniosek-o-platnosc-dla-najbardziej-aktualnej-umowyaneksu": "RPPM.10.02.00-00-001/08-06", 
            "leaf": true, 
            "wojewodztwo": "Pomorskie", 
            "temat-priorytetu": "86 Ocena, badania/ekspertyzy, informacja i komunikacja", 
            "type": "Projekt", 
            "powiat": "Powiat m. Gdańsk", 
            "projekt-zakonczony-wniosek-o-platnosc-koncowa": "Tak", 
            "parent": "22", 
            "program-operacyjny-nazwa": "Regionalny Program Operacyjny Województwa Pomorskiego", 
            "poddzialanie-kod": "", 
            "kod-pocztowy": "80-810", 
            "obszar-realizacji": "00 Nie dotyczy", 
            "wartosc-ogolem": 2172000.0, 
            "name": "Informacja i komunikacja w 2008 roku", 
            "level": "b", 
            "miejscowosc": "Gdańsk", 
            "forma-prawna": "wspólnota samorządowa - województwo", 
            "parent_sort": "0022", 
            "idef_sort": "0022-0002", 
            "os-priorytetowa-kod": "RPPM.10.00.00", 
            "dofinansowanie-ue": 1629000.0
        }, 
        {
            "nip-beneficjenta": "5832569948", 
            "idef": "22-3", 
            "wydatki-kwalifikowalne": 3146000.0, 
            "dofinansowanie": 2359500.0, 
            "data-podpisania-umowyaneksu": "2008/12/29", 
            "dzialanie-kod": "RPPM.10.02.00", 
            "data-utworzenia-w-ksi-simik-07-13-umowyaneksu": "2009/01/08", 
            "numer-umowydecyzji": "RPPM.10.02.00-00-002/08-00", 
            "nazwa-beneficjenta": "Samorząd Województwa Pomorskiego", 
            "ostatni-wniosek-o-platnosc-dla-najbardziej-aktualnej-umowyaneksu": "RPPM.10.02.00-00-002/08-09", 
            "leaf": true, 
            "wojewodztwo": "Pomorskie", 
            "temat-priorytetu": "86 Ocena, badania/ekspertyzy, informacja i komunikacja", 
            "type": "Projekt", 
            "powiat": "Powiat m. Gdańsk", 
            "projekt-zakonczony-wniosek-o-platnosc-koncowa": "Nie", 
            "parent": "22", 
            "program-operacyjny-nazwa": "Regionalny Program Operacyjny Województwa Pomorskiego", 
            "poddzialanie-kod": "", 
            "kod-pocztowy": "80-810", 
            "obszar-realizacji": "00 Nie dotyczy", 
            "wartosc-ogolem": 3146000.0, 
            "name": "Informacja i komunikacja w 2009 roku.", 
            "level": "b", 
            "miejscowosc": "Gdańsk", 
            "forma-prawna": "wspólnota samorządowa - województwo", 
            "parent_sort": "0022", 
            "idef_sort": "0022-0003", 
            "os-priorytetowa-kod": "RPPM.10.00.00", 
            "dofinansowanie-ue": 2359500.0
        }, 
        {
            "nip-beneficjenta": "5832569948", 
            "idef": "22-4", 
            "wydatki-kwalifikowalne": 27429.31, 
            "dofinansowanie": 20571.98, 
            "data-podpisania-umowyaneksu": "2008/06/24", 
            "dzialanie-kod": "RPPM.10.03.00", 
            "data-utworzenia-w-ksi-simik-07-13-umowyaneksu": "2008/07/04", 
            "numer-umowydecyzji": "RPPM.10.03.00-00-001/08-00", 
            "nazwa-beneficjenta": "Samorząd Województwa Pomorskiego", 
            "ostatni-wniosek-o-platnosc-dla-najbardziej-aktualnej-umowyaneksu": "RPPM.10.03.00-00-001/08-01", 
            "leaf": true, 
            "wojewodztwo": "Pomorskie", 
            "temat-priorytetu": "86 Ocena, badania/ekspertyzy, informacja i komunikacja", 
            "type": "Projekt", 
            "powiat": "Powiat m. Gdańsk", 
            "projekt-zakonczony-wniosek-o-platnosc-koncowa": "Tak", 
            "parent": "22", 
            "program-operacyjny-nazwa": "Regionalny Program Operacyjny Województwa Pomorskiego", 
            "poddzialanie-kod": "", 
            "kod-pocztowy": "80-810", 
            "obszar-realizacji": "00 Nie dotyczy", 
            "wartosc-ogolem": 27429.31, 
            "name": "Wsparcie procesu przygotowania i wdrażania projektów w 2007 roku.", 
            "level": "b", 
            "miejscowosc": "Gdańsk", 
            "forma-prawna": "wspólnota samorządowa - województwo", 
            "parent_sort": "0022", 
            "idef_sort": "0022-0004", 
            "os-priorytetowa-kod": "RPPM.10.00.00", 
            "dofinansowanie-ue": 20571.98
        }, 
        {
            "nip-beneficjenta": "5832569948", 
            "idef": "22-5", 
            "wydatki-kwalifikowalne": 80000.0, 
            "dofinansowanie": 60000.0, 
            "data-podpisania-umowyaneksu": "2008/12/12", 
            "dzialanie-kod": "RPPM.10.03.00", 
            "data-utworzenia-w-ksi-simik-07-13-umowyaneksu": "2008/12/15", 
            "numer-umowydecyzji": "RPPM.10.03.00-00-002/08-02", 
            "nazwa-beneficjenta": "Samorząd Województwa Pomorskiego", 
            "ostatni-wniosek-o-platnosc-dla-najbardziej-aktualnej-umowyaneksu": "RPPM.10.03.00-00-002/08-03", 
            "leaf": true, 
            "wojewodztwo": "Pomorskie", 
            "temat-priorytetu": "86 Ocena, badania/ekspertyzy, informacja i komunikacja", 
            "type": "Projekt", 
            "powiat": "Powiat m. Gdańsk", 
            "projekt-zakonczony-wniosek-o-platnosc-koncowa": "Tak", 
            "parent": "22", 
            "program-operacyjny-nazwa": "Regionalny Program Operacyjny Województwa Pomorskiego", 
            "poddzialanie-kod": "", 
            "kod-pocztowy": "80-810", 
            "obszar-realizacji": "00 Nie dotyczy", 
            "wartosc-ogolem": 80000.0, 
            "name": "Wsparcie procesu przygotowania i wdrażania projektów w 2008 roku", 
            "level": "b", 
            "miejscowosc": "Gdańsk", 
            "forma-prawna": "wspólnota samorządowa - województwo", 
            "parent_sort": "0022", 
            "idef_sort": "0022-0005", 
            "os-priorytetowa-kod": "RPPM.10.00.00", 
            "dofinansowanie-ue": 60000.0
        }, 
        {
            "nip-beneficjenta": "5832569948", 
            "idef": "22-6", 
            "wydatki-kwalifikowalne": 290000.0, 
            "dofinansowanie": 217500.0, 
            "data-podpisania-umowyaneksu": "2008/12/29", 
            "dzialanie-kod": "RPPM.10.03.00", 
            "data-utworzenia-w-ksi-simik-07-13-umowyaneksu": "2009/06/05", 
            "numer-umowydecyzji": "RPPM.10.03.00-00-003/08-01", 
            "nazwa-beneficjenta": "Samorząd Województwa Pomorskiego", 
            "ostatni-wniosek-o-platnosc-dla-najbardziej-aktualnej-umowyaneksu": "RPPM.10.03.00-00-003/08-08", 
            "leaf": true, 
            "wojewodztwo": "Pomorskie", 
            "temat-priorytetu": "86 Ocena, badania/ekspertyzy, informacja i komunikacja", 
            "type": "Projekt", 
            "powiat": "Powiat m. Gdańsk", 
            "projekt-zakonczony-wniosek-o-platnosc-koncowa": "Nie", 
            "parent": "22", 
            "program-operacyjny-nazwa": "Regionalny Program Operacyjny Województwa Pomorskiego", 
            "poddzialanie-kod": "", 
            "kod-pocztowy": "80-810", 
            "obszar-realizacji": "00 Nie dotyczy", 
            "wartosc-ogolem": 290000.0, 
            "name": "Wsparcie procesu przygotowania i wdrażania projektów w 2009 roku.", 
            "level": "b", 
            "miejscowosc": "Gdańsk", 
            "forma-prawna": "wspólnota samorządowa - województwo", 
            "parent_sort": "0022", 
            "idef_sort": "0022-0006", 
            "os-priorytetowa-kod": "RPPM.10.00.00", 
            "dofinansowanie-ue": 217500.0
        }, 
        {
            "nip-beneficjenta": "", 
            "idef": "24", 
            "wydatki-kwalifikowalne": 3888660.0, 
            "dofinansowanie": 3888660.0, 
            "data-podpisania-umowyaneksu": "", 
            "dzialanie-kod": "", 
            "data-utworzenia-w-ksi-simik-07-13-umowyaneksu": "", 
            "numer-umowydecyzji": "", 
            "nazwa-beneficjenta": "", 
            "ostatni-wniosek-o-platnosc-dla-najbardziej-aktualnej-umowyaneksu": "", 
            "leaf": false, 
            "wojewodztwo": "", 
            "temat-priorytetu": "", 
            "type": "Województwo", 
            "powiat": "", 
            "projekt-zakonczony-wniosek-o-platnosc-koncowa": "", 
            "parent": null, 
            "program-operacyjny-nazwa": "", 
            "poddzialanie-kod": "", 
            "kod-pocztowy": "", 
            "obszar-realizacji": "", 
            "wartosc-ogolem": 3888660.0, 
            "name": "Śląskie", 
            "level": "a", 
            "miejscowosc": "", 
            "forma-prawna": "", 
            "parent_sort": null, 
            "idef_sort": "0024", 
            "os-priorytetowa-kod": "", 
            "dofinansowanie-ue": 3888660.0
        }, 
        {
            "nip-beneficjenta": "9542613270", 
            "idef": "24-1", 
            "wydatki-kwalifikowalne": 3718660.0, 
            "dofinansowanie": 3718660.0, 
            "data-podpisania-umowyaneksu": "2008/07/31", 
            "dzialanie-kod": "RPSL.10.01.00", 
            "data-utworzenia-w-ksi-simik-07-13-umowyaneksu": "2008/08/12", 
            "numer-umowydecyzji": "RPSL.10.01.00-00-004/08-00", 
            "nazwa-beneficjenta": "Śląskie Centrum Przedsiębiorczości ", 
            "ostatni-wniosek-o-platnosc-dla-najbardziej-aktualnej-umowyaneksu": "RPSL.10.01.00-00-004/08-03", 
            "leaf": true, 
            "wojewodztwo": "Śląskie", 
            "temat-priorytetu": "85 Przygotowanie, realizacja, monitorowanie i kontrola", 
            "type": "Projekt", 
            "powiat": "Powiat m. Chorzów", 
            "projekt-zakonczony-wniosek-o-platnosc-koncowa": "Tak", 
            "parent": "24", 
            "program-operacyjny-nazwa": "Regionalny Program Operacyjny Województwa Śląskiego", 
            "poddzialanie-kod": "", 
            "kod-pocztowy": "41-500", 
            "obszar-realizacji": "00 Nie dotyczy", 
            "wartosc-ogolem": 3718660.0, 
            "name": "Roczny Plan Działań na rok 2008 w ramach Działania 10.1 Wsparcie procesu zarządzania i wdrażania.", 
            "level": "b", 
            "miejscowosc": "Chorzów", 
            "forma-prawna": "wojewódzka samorządowa jednostka organizacyjna", 
            "parent_sort": "0024", 
            "idef_sort": "0024-0001", 
            "os-priorytetowa-kod": "RPSL.10.00.00", 
            "dofinansowanie-ue": 3718660.0
        }, 
        {
            "nip-beneficjenta": "9542613270", 
            "idef": "24-2", 
            "wydatki-kwalifikowalne": 170000.0, 
            "dofinansowanie": 170000.0, 
            "data-podpisania-umowyaneksu": "2008/09/30", 
            "dzialanie-kod": "RPSL.10.02.00", 
            "data-utworzenia-w-ksi-simik-07-13-umowyaneksu": "2008/10/31", 
            "numer-umowydecyzji": "RPSL.10.02.00-00-003/08-01", 
            "nazwa-beneficjenta": "Śląskie Centrum Przedsiębiorczości ", 
            "ostatni-wniosek-o-platnosc-dla-najbardziej-aktualnej-umowyaneksu": "RPSL.10.02.00-00-003/08-03", 
            "leaf": true, 
            "wojewodztwo": "Śląskie", 
            "temat-priorytetu": "86 Ocena, badania/ekspertyzy, informacja i komunikacja", 
            "type": "Projekt", 
            "powiat": "Powiat m. Chorzów", 
            "projekt-zakonczony-wniosek-o-platnosc-koncowa": "Tak", 
            "parent": "24", 
            "program-operacyjny-nazwa": "Regionalny Program Operacyjny Województwa Śląskiego", 
            "poddzialanie-kod": "", 
            "kod-pocztowy": "41-500", 
            "obszar-realizacji": "00 Nie dotyczy", 
            "wartosc-ogolem": 170000.0, 
            "name": "Roczny Plan Działań na rok 2008 w ramach Działania 10.2 Działania informacyjne i promocyjne.", 
            "level": "b", 
            "miejscowosc": "Chorzów", 
            "forma-prawna": "wojewódzka samorządowa jednostka organizacyjna", 
            "parent_sort": "0024", 
            "idef_sort": "0024-0002", 
            "os-priorytetowa-kod": "RPSL.10.00.00", 
            "dofinansowanie-ue": 170000.0
        }, 
        {
            "nip-beneficjenta": "", 
            "idef": "30", 
            "wydatki-kwalifikowalne": 4613891.75, 
            "dofinansowanie": 4613891.75, 
            "data-podpisania-umowyaneksu": "", 
            "dzialanie-kod": "", 
            "data-utworzenia-w-ksi-simik-07-13-umowyaneksu": "", 
            "numer-umowydecyzji": "", 
            "nazwa-beneficjenta": "", 
            "ostatni-wniosek-o-platnosc-dla-najbardziej-aktualnej-umowyaneksu": "", 
            "leaf": false, 
            "wojewodztwo": "", 
            "temat-priorytetu": "", 
            "type": "Województwo", 
            "powiat": "", 
            "projekt-zakonczony-wniosek-o-platnosc-koncowa": "", 
            "parent": null, 
            "program-operacyjny-nazwa": "", 
            "poddzialanie-kod": "", 
            "kod-pocztowy": "", 
            "obszar-realizacji": "", 
            "wartosc-ogolem": 4613891.75, 
            "name": "Wielkopolskie", 
            "level": "a", 
            "miejscowosc": "", 
            "forma-prawna": "", 
            "parent_sort": null, 
            "idef_sort": "0030", 
            "os-priorytetowa-kod": "", 
            "dofinansowanie-ue": 4613891.75
        }, 
        {
            "nip-beneficjenta": "7781344777", 
            "idef": "30-1", 
            "wydatki-kwalifikowalne": 136051.72, 
            "dofinansowanie": 136051.72, 
            "data-podpisania-umowyaneksu": "2008/07/08", 
            "dzialanie-kod": "RPWP.07.01.00", 
            "data-utworzenia-w-ksi-simik-07-13-umowyaneksu": "2008/07/10", 
            "numer-umowydecyzji": "RPWP.07.01.00-30-004/08-00", 
            "nazwa-beneficjenta": "Urząd Marszałkowski Województwa Wielkopolskiego", 
            "ostatni-wniosek-o-platnosc-dla-najbardziej-aktualnej-umowyaneksu": "RPWP.07.01.00-30-004/08-01", 
            "leaf": true, 
            "wojewodztwo": "Wielkopolskie", 
            "temat-priorytetu": "85 Przygotowanie, realizacja, monitorowanie i kontrola", 
            "type": "Projekt", 
            "powiat": "Powiat m. Poznań", 
            "projekt-zakonczony-wniosek-o-platnosc-koncowa": "Tak", 
            "parent": "30", 
            "program-operacyjny-nazwa": "Regionalny Program Operacyjny Województwa Wielkopolskiego na lata 2007 - 2013", 
            "poddzialanie-kod": "", 
            "kod-pocztowy": "61-713", 
            "obszar-realizacji": "01 Obszar miejski", 
            "wartosc-ogolem": 136051.72, 
            "name": "Konsultacje i negocjacje WRPO", 
            "level": "b", 
            "miejscowosc": "Poznań", 
            "forma-prawna": "wspólnota samorządowa - województwo", 
            "parent_sort": "0030", 
            "idef_sort": "0030-0001", 
            "os-priorytetowa-kod": "RPWP.07.00.00", 
            "dofinansowanie-ue": 136051.72
        }, 
        {
            "nip-beneficjenta": "7781344777", 
            "idef": "30-2", 
            "wydatki-kwalifikowalne": 224393.53, 
            "dofinansowanie": 224393.53, 
            "data-podpisania-umowyaneksu": "2008/07/08", 
            "dzialanie-kod": "RPWP.07.01.00", 
            "data-utworzenia-w-ksi-simik-07-13-umowyaneksu": "2008/07/10", 
            "numer-umowydecyzji": "RPWP.07.01.00-30-005/08-00", 
            "nazwa-beneficjenta": "Urząd Marszałkowski Województwa Wielkopolskiego", 
            "ostatni-wniosek-o-platnosc-dla-najbardziej-aktualnej-umowyaneksu": "RPWP.07.01.00-30-005/08-01", 
            "leaf": true, 
            "wojewodztwo": "Wielkopolskie", 
            "temat-priorytetu": "85 Przygotowanie, realizacja, monitorowanie i kontrola", 
            "type": "Projekt", 
            "powiat": "Powiat m. Poznań", 
            "projekt-zakonczony-wniosek-o-platnosc-koncowa": "Tak", 
            "parent": "30", 
            "program-operacyjny-nazwa": "Regionalny Program Operacyjny Województwa Wielkopolskiego na lata 2007 - 2013", 
            "poddzialanie-kod": "", 
            "kod-pocztowy": "61-713", 
            "obszar-realizacji": "01 Obszar miejski", 
            "wartosc-ogolem": 224393.53, 
            "name": "Szkolenia, kursy językowe i studia podyplomowe dla pracowników zaangażowanych w zarządzanie i wdrażanie WRPO", 
            "level": "b", 
            "miejscowosc": "Poznań", 
            "forma-prawna": "wspólnota samorządowa - województwo", 
            "parent_sort": "0030", 
            "idef_sort": "0030-0002", 
            "os-priorytetowa-kod": "RPWP.07.00.00", 
            "dofinansowanie-ue": 224393.53
        }, 
        {
            "nip-beneficjenta": "7781344777", 
            "idef": "30-3", 
            "wydatki-kwalifikowalne": 25000.0, 
            "dofinansowanie": 25000.0, 
            "data-podpisania-umowyaneksu": "2008/10/16", 
            "dzialanie-kod": "RPWP.07.01.00", 
            "data-utworzenia-w-ksi-simik-07-13-umowyaneksu": "2008/10/20", 
            "numer-umowydecyzji": "RPWP.07.01.00-30-010/08-01", 
            "nazwa-beneficjenta": "Urząd Marszałkowski Województwa Wielkopolskiego", 
            "ostatni-wniosek-o-platnosc-dla-najbardziej-aktualnej-umowyaneksu": "RPWP.07.01.00-30-010/08-02", 
            "leaf": true, 
            "wojewodztwo": "Wielkopolskie", 
            "temat-priorytetu": "85 Przygotowanie, realizacja, monitorowanie i kontrola", 
            "type": "Projekt", 
            "powiat": "Powiat m. Poznań", 
            "projekt-zakonczony-wniosek-o-platnosc-koncowa": "Tak", 
            "parent": "30", 
            "program-operacyjny-nazwa": "Regionalny Program Operacyjny Województwa Wielkopolskiego na lata 2007 - 2013", 
            "poddzialanie-kod": "", 
            "kod-pocztowy": "61-713", 
            "obszar-realizacji": "01 Obszar miejski", 
            "wartosc-ogolem": 25000.0, 
            "name": "Koszty kontroli projektów WRPO", 
            "level": "b", 
            "miejscowosc": "Poznań", 
            "forma-prawna": "wspólnota samorządowa - województwo", 
            "parent_sort": "0030", 
            "idef_sort": "0030-0003", 
            "os-priorytetowa-kod": "RPWP.07.00.00", 
            "dofinansowanie-ue": 25000.0
        }, 
        {
            "nip-beneficjenta": "7781344777", 
            "idef": "30-4", 
            "wydatki-kwalifikowalne": 120000.0, 
            "dofinansowanie": 120000.0, 
            "data-podpisania-umowyaneksu": "2008/07/08", 
            "dzialanie-kod": "RPWP.07.01.00", 
            "data-utworzenia-w-ksi-simik-07-13-umowyaneksu": "2008/07/11", 
            "numer-umowydecyzji": "RPWP.07.01.00-30-011/08-00", 
            "nazwa-beneficjenta": "Urząd Marszałkowski Województwa Wielkopolskiego", 
            "ostatni-wniosek-o-platnosc-dla-najbardziej-aktualnej-umowyaneksu": "RPWP.07.01.00-30-011/08-01", 
            "leaf": true, 
            "wojewodztwo": "Wielkopolskie", 
            "temat-priorytetu": "86 Ocena, badania/ekspertyzy, informacja i komunikacja", 
            "type": "Projekt", 
            "powiat": "Powiat m. Poznań", 
            "projekt-zakonczony-wniosek-o-platnosc-koncowa": "Tak", 
            "parent": "30", 
            "program-operacyjny-nazwa": "Regionalny Program Operacyjny Województwa Wielkopolskiego na lata 2007 - 2013", 
            "poddzialanie-kod": "", 
            "kod-pocztowy": "61-713", 
            "obszar-realizacji": "01 Obszar miejski", 
            "wartosc-ogolem": 120000.0, 
            "name": "Ocena i ewaluacja WRPO", 
            "level": "b", 
            "miejscowosc": "Poznań", 
            "forma-prawna": "wspólnota samorządowa - województwo", 
            "parent_sort": "0030", 
            "idef_sort": "0030-0004", 
            "os-priorytetowa-kod": "RPWP.07.00.00", 
            "dofinansowanie-ue": 120000.0
        }, 
        {
            "nip-beneficjenta": "7781344777", 
            "idef": "30-5", 
            "wydatki-kwalifikowalne": 201650.0, 
            "dofinansowanie": 201650.0, 
            "data-podpisania-umowyaneksu": "2008/10/16", 
            "dzialanie-kod": "RPWP.07.01.00", 
            "data-utworzenia-w-ksi-simik-07-13-umowyaneksu": "2008/10/20", 
            "numer-umowydecyzji": "RPWP.07.01.00-30-012/08-01", 
            "nazwa-beneficjenta": "Urząd Marszałkowski Województwa Wielkopolskiego", 
            "ostatni-wniosek-o-platnosc-dla-najbardziej-aktualnej-umowyaneksu": "RPWP.07.01.00-30-012/08-03", 
            "leaf": true, 
            "wojewodztwo": "Wielkopolskie", 
            "temat-priorytetu": "85 Przygotowanie, realizacja, monitorowanie i kontrola", 
            "type": "Projekt", 
            "powiat": "Powiat m. Poznań", 
            "projekt-zakonczony-wniosek-o-platnosc-koncowa": "Tak", 
            "parent": "30", 
            "program-operacyjny-nazwa": "Regionalny Program Operacyjny Województwa Wielkopolskiego na lata 2007 - 2013", 
            "poddzialanie-kod": "", 
            "kod-pocztowy": "61-713", 
            "obszar-realizacji": "01 Obszar miejski", 
            "wartosc-ogolem": 201650.0, 
            "name": "Koszty wykonywania funkcji Instytucji Zarządzającej oraz obsługi Komitetu Monitorującego", 
            "level": "b", 
            "miejscowosc": "Poznań", 
            "forma-prawna": "wspólnota samorządowa - województwo", 
            "parent_sort": "0030", 
            "idef_sort": "0030-0005", 
            "os-priorytetowa-kod": "RPWP.07.00.00", 
            "dofinansowanie-ue": 201650.0
        }, 
        {
            "nip-beneficjenta": "7781344777", 
            "idef": "30-6", 
            "wydatki-kwalifikowalne": 938965.0, 
            "dofinansowanie": 938965.0, 
            "data-podpisania-umowyaneksu": "2008/10/16", 
            "dzialanie-kod": "RPWP.07.01.00", 
            "data-utworzenia-w-ksi-simik-07-13-umowyaneksu": "2008/10/20", 
            "numer-umowydecyzji": "RPWP.07.01.00-30-013/08-01", 
            "nazwa-beneficjenta": "Urząd Marszałkowski Województwa Wielkopolskiego", 
            "ostatni-wniosek-o-platnosc-dla-najbardziej-aktualnej-umowyaneksu": "RPWP.07.01.00-30-013/08-04", 
            "leaf": true, 
            "wojewodztwo": "Wielkopolskie", 
            "temat-priorytetu": "85 Przygotowanie, realizacja, monitorowanie i kontrola", 
            "type": "Projekt", 
            "powiat": "Powiat m. Poznań", 
            "projekt-zakonczony-wniosek-o-platnosc-koncowa": "Tak", 
            "parent": "30", 
            "program-operacyjny-nazwa": "Regionalny Program Operacyjny Województwa Wielkopolskiego na lata 2007 - 2013", 
            "poddzialanie-kod": "", 
            "kod-pocztowy": "61-713", 
            "obszar-realizacji": "01 Obszar miejski", 
            "wartosc-ogolem": 938965.0, 
            "name": "Szkolenia, kursy językowe i studia podyplomowe dla pracowników zaangażowanych w zarządzanie i wdrażanie WRPO", 
            "level": "b", 
            "miejscowosc": "Poznań", 
            "forma-prawna": "wspólnota samorządowa - województwo", 
            "parent_sort": "0030", 
            "idef_sort": "0030-0006", 
            "os-priorytetowa-kod": "RPWP.07.00.00", 
            "dofinansowanie-ue": 938965.0
        }, 
        {
            "nip-beneficjenta": "7781344777", 
            "idef": "30-7", 
            "wydatki-kwalifikowalne": 587541.5, 
            "dofinansowanie": 587541.5, 
            "data-podpisania-umowyaneksu": "2008/07/08", 
            "dzialanie-kod": "RPWP.07.02.00", 
            "data-utworzenia-w-ksi-simik-07-13-umowyaneksu": "2008/07/10", 
            "numer-umowydecyzji": "RPWP.07.02.00-30-001/08-00", 
            "nazwa-beneficjenta": "Urząd Marszałkowski Województwa Wielkopolskiego", 
            "ostatni-wniosek-o-platnosc-dla-najbardziej-aktualnej-umowyaneksu": "RPWP.07.02.00-30-001/08-01", 
            "leaf": true, 
            "wojewodztwo": "Wielkopolskie", 
            "temat-priorytetu": "86 Ocena, badania/ekspertyzy, informacja i komunikacja", 
            "type": "Projekt", 
            "powiat": "Powiat m. Poznań", 
            "projekt-zakonczony-wniosek-o-platnosc-koncowa": "Tak", 
            "parent": "30", 
            "program-operacyjny-nazwa": "Regionalny Program Operacyjny Województwa Wielkopolskiego na lata 2007 - 2013", 
            "poddzialanie-kod": "", 
            "kod-pocztowy": "61-713", 
            "obszar-realizacji": "01 Obszar miejski", 
            "wartosc-ogolem": 587541.5, 
            "name": "Promocja, informacja i szkolenia WRPO", 
            "level": "b", 
            "miejscowosc": "Poznań", 
            "forma-prawna": "wspólnota samorządowa - województwo", 
            "parent_sort": "0030", 
            "idef_sort": "0030-0007", 
            "os-priorytetowa-kod": "RPWP.07.00.00", 
            "dofinansowanie-ue": 587541.5
        }, 
        {
            "nip-beneficjenta": "7781344777", 
            "idef": "30-8", 
            "wydatki-kwalifikowalne": 2380290.0, 
            "dofinansowanie": 2380290.0, 
            "data-podpisania-umowyaneksu": "2008/10/16", 
            "dzialanie-kod": "RPWP.07.02.00", 
            "data-utworzenia-w-ksi-simik-07-13-umowyaneksu": "2008/10/20", 
            "numer-umowydecyzji": "RPWP.07.02.00-30-002/08-02", 
            "nazwa-beneficjenta": "Urząd Marszałkowski Województwa Wielkopolskiego", 
            "ostatni-wniosek-o-platnosc-dla-najbardziej-aktualnej-umowyaneksu": "RPWP.07.02.00-30-002/08-03", 
            "leaf": true, 
            "wojewodztwo": "Wielkopolskie", 
            "temat-priorytetu": "86 Ocena, badania/ekspertyzy, informacja i komunikacja", 
            "type": "Projekt", 
            "powiat": "Powiat m. Poznań", 
            "projekt-zakonczony-wniosek-o-platnosc-koncowa": "Tak", 
            "parent": "30", 
            "program-operacyjny-nazwa": "Regionalny Program Operacyjny Województwa Wielkopolskiego na lata 2007 - 2013", 
            "poddzialanie-kod": "", 
            "kod-pocztowy": "61-713", 
            "obszar-realizacji": "01 Obszar miejski", 
            "wartosc-ogolem": 2380290.0, 
            "name": "Promocja, informacja i szkolenia WRPO", 
            "level": "b", 
            "miejscowosc": "Poznań", 
            "forma-prawna": "wspólnota samorządowa - województwo", 
            "parent_sort": "0030", 
            "idef_sort": "0030-0008", 
            "os-priorytetowa-kod": "RPWP.07.00.00", 
            "dofinansowanie-ue": 2380290.0
        }, 
        {
            "nip-beneficjenta": "", 
            "idef": "32", 
            "wydatki-kwalifikowalne": 80692.63, 
            "dofinansowanie": 80692.63, 
            "data-podpisania-umowyaneksu": "", 
            "dzialanie-kod": "", 
            "data-utworzenia-w-ksi-simik-07-13-umowyaneksu": "", 
            "numer-umowydecyzji": "", 
            "nazwa-beneficjenta": "", 
            "ostatni-wniosek-o-platnosc-dla-najbardziej-aktualnej-umowyaneksu": "", 
            "leaf": false, 
            "wojewodztwo": "", 
            "temat-priorytetu": "", 
            "type": "Województwo", 
            "powiat": "", 
            "projekt-zakonczony-wniosek-o-platnosc-koncowa": "", 
            "parent": null, 
            "program-operacyjny-nazwa": "", 
            "poddzialanie-kod": "", 
            "kod-pocztowy": "", 
            "obszar-realizacji": "", 
            "wartosc-ogolem": 80692.63, 
            "name": "Zachodniopomorskie", 
            "level": "a", 
            "miejscowosc": "", 
            "forma-prawna": "", 
            "parent_sort": null, 
            "idef_sort": "0032", 
            "os-priorytetowa-kod": "", 
            "dofinansowanie-ue": 80692.63
        }, 
        {
            "nip-beneficjenta": "8512871498", 
            "idef": "32-1", 
            "wydatki-kwalifikowalne": 80692.63, 
            "dofinansowanie": 80692.63, 
            "data-podpisania-umowyaneksu": "2008/04/25", 
            "dzialanie-kod": "RPZP.08.02.00", 
            "data-utworzenia-w-ksi-simik-07-13-umowyaneksu": "2008/05/27", 
            "numer-umowydecyzji": "RPZP.08.02.00-32-001/07-00", 
            "nazwa-beneficjenta": "Województwo Zachodniopomorskie", 
            "ostatni-wniosek-o-platnosc-dla-najbardziej-aktualnej-umowyaneksu": "RPZP.08.02.00-32-001/07-01", 
            "leaf": true, 
            "wojewodztwo": "Zachodniopomorskie", 
            "temat-priorytetu": "86 Ocena, badania/ekspertyzy, informacja i komunikacja", 
            "type": "Projekt", 
            "powiat": "Powiat m. Szczecin", 
            "projekt-zakonczony-wniosek-o-platnosc-koncowa": "Tak", 
            "parent": "32", 
            "program-operacyjny-nazwa": "Regionalny Program Operacyjny Województwa Zachodniopomorskiego", 
            "poddzialanie-kod": "", 
            "kod-pocztowy": "70-540", 
            "obszar-realizacji": "01 Obszar miejski", 
            "wartosc-ogolem": 80692.63, 
            "name": "Prowadzenie działań infomracyjno-promocyjnych RPO WZ w roku 2007", 
            "level": "b", 
            "miejscowosc": "Szczecin", 
            "forma-prawna": "wspólnota samorządowa - województwo", 
            "parent_sort": "0032", 
            "idef_sort": "0032-0001", 
            "os-priorytetowa-kod": "RPZP.08.00.00", 
            "dofinansowanie-ue": 80692.63
        }
    ], 
    "response": "OK"
}