{
    "count": 55, 
    "issue": "2009", 
    "view_id": 2, 
    "request": "europejski-fundusz-rozwoju-regionalnego-szczebel-powiatowy-2009", 
    "uri": "http://otwartedane.pl/api/json/dataset/4/view/2/issue/2009/", 
    "dataset_id": 4, 
    "data": [
        {
            "nip-beneficjenta": "", 
            "idef": "04", 
            "wydatki-kwalifikowalne": 841617.25, 
            "dofinansowanie": 715187.33, 
            "data-podpisania-umowyaneksu": "", 
            "dzialanie-kod": "", 
            "data-utworzenia-w-ksi-simik-07-13-umowyaneksu": "", 
            "numer-umowydecyzji": "", 
            "nazwa-beneficjenta": "", 
            "ostatni-wniosek-o-platnosc-dla-najbardziej-aktualnej-umowyaneksu": "", 
            "leaf": false, 
            "wojewodztwo": "", 
            "temat-priorytetu": "", 
            "type": "Województwo", 
            "powiat": "", 
            "projekt-zakonczony-wniosek-o-platnosc-koncowa": "", 
            "parent": null, 
            "program-operacyjny-nazwa": "", 
            "poddzialanie-kod": "", 
            "kod-pocztowy": "", 
            "obszar-realizacji": "", 
            "wartosc-ogolem": 843166.09, 
            "name": "Kujawsko-pomorskie", 
            "level": "a", 
            "miejscowosc": "", 
            "forma-prawna": "", 
            "parent_sort": null, 
            "idef_sort": "0004", 
            "os-priorytetowa-kod": "", 
            "dofinansowanie-ue": 715187.33
        }, 
        {
            "nip-beneficjenta": "", 
            "idef": "04-15", 
            "wydatki-kwalifikowalne": 419059.79, 
            "dofinansowanie": 356013.49, 
            "data-podpisania-umowyaneksu": "", 
            "dzialanie-kod": "", 
            "data-utworzenia-w-ksi-simik-07-13-umowyaneksu": "", 
            "numer-umowydecyzji": "", 
            "nazwa-beneficjenta": "", 
            "ostatni-wniosek-o-platnosc-dla-najbardziej-aktualnej-umowyaneksu": "", 
            "leaf": false, 
            "wojewodztwo": "", 
            "temat-priorytetu": "", 
            "type": "Powiat", 
            "powiat": "", 
            "projekt-zakonczony-wniosek-o-platnosc-koncowa": "", 
            "parent": "04", 
            "program-operacyjny-nazwa": "", 
            "poddzialanie-kod": "", 
            "kod-pocztowy": "", 
            "obszar-realizacji": "", 
            "wartosc-ogolem": 420608.63, 
            "name": "Powiat toruński", 
            "level": "b", 
            "miejscowosc": "", 
            "forma-prawna": "", 
            "parent_sort": "0004", 
            "idef_sort": "0004-0015", 
            "os-priorytetowa-kod": "", 
            "dofinansowanie-ue": 356013.49
        }, 
        {
            "nip-beneficjenta": "8792276028", 
            "idef": "04-15-1", 
            "wydatki-kwalifikowalne": 419059.79, 
            "dofinansowanie": 356013.49, 
            "data-podpisania-umowyaneksu": "2009/06/30", 
            "dzialanie-kod": "POIS.12.01.00", 
            "data-utworzenia-w-ksi-simik-07-13-umowyaneksu": "2009/07/09", 
            "numer-umowydecyzji": "POIS.12.01.00-00-208/08-00", 
            "nazwa-beneficjenta": "Szpital Powiatowy Sp. z o.o. w Chełmży", 
            "ostatni-wniosek-o-platnosc-dla-najbardziej-aktualnej-umowyaneksu": "POIS.12.01.00-00-208/08-01", 
            "leaf": true, 
            "wojewodztwo": "Kujawsko-pomorskie", 
            "temat-priorytetu": "76 Infrastruktura ochrony zdrowia", 
            "type": "Projekt", 
            "powiat": "Powiat toruński", 
            "projekt-zakonczony-wniosek-o-platnosc-koncowa": "Tak", 
            "parent": "04-15", 
            "program-operacyjny-nazwa": "Program Operacyjny Infrastruktura i Środowisko", 
            "poddzialanie-kod": "", 
            "kod-pocztowy": "87-140", 
            "obszar-realizacji": "00 Nie dotyczy", 
            "wartosc-ogolem": 420608.63, 
            "name": "Poprawa efektywności systemu ochrony zdrowia poprzez zakup Karetki typu \"S\" przez Szpital Powiatowy w Chełmży.", 
            "level": "c", 
            "miejscowosc": "Chełmża", 
            "forma-prawna": "niepubliczny zakład opieki zdrowotnej (w tym osoby prowadzące praktyki lekarskie/pielęgniarskie)", 
            "parent_sort": "0004-0015", 
            "idef_sort": "0004-0015-0001", 
            "os-priorytetowa-kod": "POIS.12.00.00", 
            "dofinansowanie-ue": 356013.49
        }, 
        {
            "nip-beneficjenta": "", 
            "idef": "04-16", 
            "wydatki-kwalifikowalne": 422557.46, 
            "dofinansowanie": 359173.84, 
            "data-podpisania-umowyaneksu": "", 
            "dzialanie-kod": "", 
            "data-utworzenia-w-ksi-simik-07-13-umowyaneksu": "", 
            "numer-umowydecyzji": "", 
            "nazwa-beneficjenta": "", 
            "ostatni-wniosek-o-platnosc-dla-najbardziej-aktualnej-umowyaneksu": "", 
            "leaf": false, 
            "wojewodztwo": "", 
            "temat-priorytetu": "", 
            "type": "Powiat", 
            "powiat": "", 
            "projekt-zakonczony-wniosek-o-platnosc-koncowa": "", 
            "parent": "04", 
            "program-operacyjny-nazwa": "", 
            "poddzialanie-kod": "", 
            "kod-pocztowy": "", 
            "obszar-realizacji": "", 
            "wartosc-ogolem": 422557.46, 
            "name": "Powiat tucholski", 
            "level": "b", 
            "miejscowosc": "", 
            "forma-prawna": "", 
            "parent_sort": "0004", 
            "idef_sort": "0004-0016", 
            "os-priorytetowa-kod": "", 
            "dofinansowanie-ue": 359173.84
        }, 
        {
            "nip-beneficjenta": "5611455873", 
            "idef": "04-16-1", 
            "wydatki-kwalifikowalne": 422557.46, 
            "dofinansowanie": 359173.84, 
            "data-podpisania-umowyaneksu": "2009/06/30", 
            "dzialanie-kod": "POIS.12.01.00", 
            "data-utworzenia-w-ksi-simik-07-13-umowyaneksu": "2009/07/07", 
            "numer-umowydecyzji": "POIS.12.01.00-00-105/08-00", 
            "nazwa-beneficjenta": "Szpital Tucholski Sp. z o.o.", 
            "ostatni-wniosek-o-platnosc-dla-najbardziej-aktualnej-umowyaneksu": "POIS.12.01.00-00-105/08-01", 
            "leaf": true, 
            "wojewodztwo": "Kujawsko-pomorskie", 
            "temat-priorytetu": "76 Infrastruktura ochrony zdrowia", 
            "type": "Projekt", 
            "powiat": "Powiat tucholski", 
            "projekt-zakonczony-wniosek-o-platnosc-koncowa": "Tak", 
            "parent": "04-16", 
            "program-operacyjny-nazwa": "Program Operacyjny Infrastruktura i Środowisko", 
            "poddzialanie-kod": "", 
            "kod-pocztowy": "89-500", 
            "obszar-realizacji": "00 Nie dotyczy", 
            "wartosc-ogolem": 422557.46, 
            "name": "Poprawa efektywności systemu ochrony zdrowia przez zakup Karetki typu \"S\" przez Szpital Tucholski Sp. z o.o.", 
            "level": "c", 
            "miejscowosc": "Tuchola", 
            "forma-prawna": "niepubliczny zakład opieki zdrowotnej (w tym osoby prowadzące praktyki lekarskie/pielęgniarskie)", 
            "parent_sort": "0004-0016", 
            "idef_sort": "0004-0016-0001", 
            "os-priorytetowa-kod": "POIS.12.00.00", 
            "dofinansowanie-ue": 359173.84
        }, 
        {
            "nip-beneficjenta": "", 
            "idef": "08", 
            "wydatki-kwalifikowalne": 927469.63, 
            "dofinansowanie": 788349.18, 
            "data-podpisania-umowyaneksu": "", 
            "dzialanie-kod": "", 
            "data-utworzenia-w-ksi-simik-07-13-umowyaneksu": "", 
            "numer-umowydecyzji": "", 
            "nazwa-beneficjenta": "", 
            "ostatni-wniosek-o-platnosc-dla-najbardziej-aktualnej-umowyaneksu": "", 
            "leaf": false, 
            "wojewodztwo": "", 
            "temat-priorytetu": "", 
            "type": "Województwo", 
            "powiat": "", 
            "projekt-zakonczony-wniosek-o-platnosc-koncowa": "", 
            "parent": null, 
            "program-operacyjny-nazwa": "", 
            "poddzialanie-kod": "", 
            "kod-pocztowy": "", 
            "obszar-realizacji": "", 
            "wartosc-ogolem": 927469.63, 
            "name": "Lubuskie", 
            "level": "a", 
            "miejscowosc": "", 
            "forma-prawna": "", 
            "parent_sort": null, 
            "idef_sort": "0008", 
            "os-priorytetowa-kod": "", 
            "dofinansowanie-ue": 788349.18
        }, 
        {
            "nip-beneficjenta": "", 
            "idef": "08-05", 
            "wydatki-kwalifikowalne": 927469.63, 
            "dofinansowanie": 788349.18, 
            "data-podpisania-umowyaneksu": "", 
            "dzialanie-kod": "", 
            "data-utworzenia-w-ksi-simik-07-13-umowyaneksu": "", 
            "numer-umowydecyzji": "", 
            "nazwa-beneficjenta": "", 
            "ostatni-wniosek-o-platnosc-dla-najbardziej-aktualnej-umowyaneksu": "", 
            "leaf": false, 
            "wojewodztwo": "", 
            "temat-priorytetu": "", 
            "type": "Powiat", 
            "powiat": "", 
            "projekt-zakonczony-wniosek-o-platnosc-koncowa": "", 
            "parent": "08", 
            "program-operacyjny-nazwa": "", 
            "poddzialanie-kod": "", 
            "kod-pocztowy": "", 
            "obszar-realizacji": "", 
            "wartosc-ogolem": 927469.63, 
            "name": "Powiat słubicki", 
            "level": "b", 
            "miejscowosc": "", 
            "forma-prawna": "", 
            "parent_sort": "0008", 
            "idef_sort": "0008-0005", 
            "os-priorytetowa-kod": "", 
            "dofinansowanie-ue": 788349.18
        }, 
        {
            "nip-beneficjenta": "5981174327", 
            "idef": "08-05-1", 
            "wydatki-kwalifikowalne": 927469.63, 
            "dofinansowanie": 788349.18, 
            "data-podpisania-umowyaneksu": "2009/10/15", 
            "dzialanie-kod": "POIS.12.01.00", 
            "data-utworzenia-w-ksi-simik-07-13-umowyaneksu": "2009/10/20", 
            "numer-umowydecyzji": "POIS.12.01.00-00-037/08-00", 
            "nazwa-beneficjenta": "Samodzielny Publiczny Zakład Opieki Zdrowotnej w Słubicach", 
            "ostatni-wniosek-o-platnosc-dla-najbardziej-aktualnej-umowyaneksu": "POIS.12.01.00-00-037/08-01", 
            "leaf": true, 
            "wojewodztwo": "Lubuskie", 
            "temat-priorytetu": "76 Infrastruktura ochrony zdrowia", 
            "type": "Projekt", 
            "powiat": "Powiat słubicki", 
            "projekt-zakonczony-wniosek-o-platnosc-koncowa": "Tak", 
            "parent": "08-05", 
            "program-operacyjny-nazwa": "Program Operacyjny Infrastruktura i Środowisko", 
            "poddzialanie-kod": "", 
            "kod-pocztowy": "69-100", 
            "obszar-realizacji": "00 Nie dotyczy", 
            "wartosc-ogolem": 927469.63, 
            "name": "Wymiana w drodze zakupu wyeksploatowanych ambulansów na nowe przez SPZOZ w Słubicach w celu zachowania zasady \"złotej godziny\"", 
            "level": "c", 
            "miejscowosc": "Słubice", 
            "forma-prawna": "publiczny zakład opieki zdrowotnej", 
            "parent_sort": "0008-0005", 
            "idef_sort": "0008-0005-0001", 
            "os-priorytetowa-kod": "POIS.12.00.00", 
            "dofinansowanie-ue": 788349.18
        }, 
        {
            "nip-beneficjenta": "", 
            "idef": "10", 
            "wydatki-kwalifikowalne": 644999.98, 
            "dofinansowanie": 548249.98, 
            "data-podpisania-umowyaneksu": "", 
            "dzialanie-kod": "", 
            "data-utworzenia-w-ksi-simik-07-13-umowyaneksu": "", 
            "numer-umowydecyzji": "", 
            "nazwa-beneficjenta": "", 
            "ostatni-wniosek-o-platnosc-dla-najbardziej-aktualnej-umowyaneksu": "", 
            "leaf": false, 
            "wojewodztwo": "", 
            "temat-priorytetu": "", 
            "type": "Województwo", 
            "powiat": "", 
            "projekt-zakonczony-wniosek-o-platnosc-koncowa": "", 
            "parent": null, 
            "program-operacyjny-nazwa": "", 
            "poddzialanie-kod": "", 
            "kod-pocztowy": "", 
            "obszar-realizacji": "", 
            "wartosc-ogolem": 741557.52, 
            "name": "Łódzkie", 
            "level": "a", 
            "miejscowosc": "", 
            "forma-prawna": "", 
            "parent_sort": null, 
            "idef_sort": "0010", 
            "os-priorytetowa-kod": "", 
            "dofinansowanie-ue": 548249.98
        }, 
        {
            "nip-beneficjenta": "", 
            "idef": "10-14", 
            "wydatki-kwalifikowalne": 644999.98, 
            "dofinansowanie": 548249.98, 
            "data-podpisania-umowyaneksu": "", 
            "dzialanie-kod": "", 
            "data-utworzenia-w-ksi-simik-07-13-umowyaneksu": "", 
            "numer-umowydecyzji": "", 
            "nazwa-beneficjenta": "", 
            "ostatni-wniosek-o-platnosc-dla-najbardziej-aktualnej-umowyaneksu": "", 
            "leaf": false, 
            "wojewodztwo": "", 
            "temat-priorytetu": "", 
            "type": "Powiat", 
            "powiat": "", 
            "projekt-zakonczony-wniosek-o-platnosc-koncowa": "", 
            "parent": "10", 
            "program-operacyjny-nazwa": "", 
            "poddzialanie-kod": "", 
            "kod-pocztowy": "", 
            "obszar-realizacji": "", 
            "wartosc-ogolem": 741557.52, 
            "name": "Powiat sieradzki", 
            "level": "b", 
            "miejscowosc": "", 
            "forma-prawna": "", 
            "parent_sort": "0010", 
            "idef_sort": "0010-0014", 
            "os-priorytetowa-kod": "", 
            "dofinansowanie-ue": 548249.98
        }, 
        {
            "nip-beneficjenta": "8271831912", 
            "idef": "10-14-1", 
            "wydatki-kwalifikowalne": 644999.98, 
            "dofinansowanie": 548249.98, 
            "data-podpisania-umowyaneksu": "2009/06/25", 
            "dzialanie-kod": "POIS.12.01.00", 
            "data-utworzenia-w-ksi-simik-07-13-umowyaneksu": "2009/07/06", 
            "numer-umowydecyzji": "POIS.12.01.00-00-055/08-00", 
            "nazwa-beneficjenta": "Samodzielny Publiczny Zakład Opieki Zdrowotnej im. Prymasa Kard. St. Wyszyńskiego ", 
            "ostatni-wniosek-o-platnosc-dla-najbardziej-aktualnej-umowyaneksu": "POIS.12.01.00-00-055/08-02-K01", 
            "leaf": true, 
            "wojewodztwo": "Łódzkie", 
            "temat-priorytetu": "76 Infrastruktura ochrony zdrowia", 
            "type": "Projekt", 
            "powiat": "Powiat sieradzki", 
            "projekt-zakonczony-wniosek-o-platnosc-koncowa": "Tak", 
            "parent": "10-14", 
            "program-operacyjny-nazwa": "Program Operacyjny Infrastruktura i Środowisko", 
            "poddzialanie-kod": "", 
            "kod-pocztowy": "98-200", 
            "obszar-realizacji": "00 Nie dotyczy", 
            "wartosc-ogolem": 741557.52, 
            "name": "Modernizacja systemu ratownictwa medycznego na terenie powiatu sieradzkiego poprzez zakup dwóch nowych karetek", 
            "level": "c", 
            "miejscowosc": "Sieradz", 
            "forma-prawna": "publiczny zakład opieki zdrowotnej", 
            "parent_sort": "0010-0014", 
            "idef_sort": "0010-0014-0001", 
            "os-priorytetowa-kod": "POIS.12.00.00", 
            "dofinansowanie-ue": 548249.98
        }, 
        {
            "nip-beneficjenta": "", 
            "idef": "12", 
            "wydatki-kwalifikowalne": 71610238.7, 
            "dofinansowanie": 46546655.16, 
            "data-podpisania-umowyaneksu": "", 
            "dzialanie-kod": "", 
            "data-utworzenia-w-ksi-simik-07-13-umowyaneksu": "", 
            "numer-umowydecyzji": "", 
            "nazwa-beneficjenta": "", 
            "ostatni-wniosek-o-platnosc-dla-najbardziej-aktualnej-umowyaneksu": "", 
            "leaf": false, 
            "wojewodztwo": "", 
            "temat-priorytetu": "", 
            "type": "Województwo", 
            "powiat": "", 
            "projekt-zakonczony-wniosek-o-platnosc-koncowa": "", 
            "parent": null, 
            "program-operacyjny-nazwa": "", 
            "poddzialanie-kod": "", 
            "kod-pocztowy": "", 
            "obszar-realizacji": "", 
            "wartosc-ogolem": 71915384.94, 
            "name": "Małopolskie", 
            "level": "a", 
            "miejscowosc": "", 
            "forma-prawna": "", 
            "parent_sort": null, 
            "idef_sort": "0012", 
            "os-priorytetowa-kod": "", 
            "dofinansowanie-ue": 46546655.16
        }, 
        {
            "nip-beneficjenta": "", 
            "idef": "12-03", 
            "wydatki-kwalifikowalne": 35805119.35, 
            "dofinansowanie": 23273327.58, 
            "data-podpisania-umowyaneksu": "", 
            "dzialanie-kod": "", 
            "data-utworzenia-w-ksi-simik-07-13-umowyaneksu": "", 
            "numer-umowydecyzji": "", 
            "nazwa-beneficjenta": "", 
            "ostatni-wniosek-o-platnosc-dla-najbardziej-aktualnej-umowyaneksu": "", 
            "leaf": false, 
            "wojewodztwo": "", 
            "temat-priorytetu": "", 
            "type": "Powiat", 
            "powiat": "", 
            "projekt-zakonczony-wniosek-o-platnosc-koncowa": "", 
            "parent": "12", 
            "program-operacyjny-nazwa": "", 
            "poddzialanie-kod": "", 
            "kod-pocztowy": "", 
            "obszar-realizacji": "", 
            "wartosc-ogolem": 35957692.47, 
            "name": "Powiat chrzanowski", 
            "level": "b", 
            "miejscowosc": "", 
            "forma-prawna": "", 
            "parent_sort": "0012", 
            "idef_sort": "0012-0003", 
            "os-priorytetowa-kod": "", 
            "dofinansowanie-ue": 23273327.58
        }, 
        {
            "nip-beneficjenta": "6762083499", 
            "idef": "12-03-1", 
            "wydatki-kwalifikowalne": 35805119.35, 
            "dofinansowanie": 23273327.58, 
            "data-podpisania-umowyaneksu": "2009/10/15", 
            "dzialanie-kod": "RPMP.04.01.00", 
            "data-utworzenia-w-ksi-simik-07-13-umowyaneksu": "2010/02/08", 
            "numer-umowydecyzji": "RPMP.04.01.01-12-058/08-03", 
            "nazwa-beneficjenta": "Województwo Małopolskie", 
            "ostatni-wniosek-o-platnosc-dla-najbardziej-aktualnej-umowyaneksu": "RPMP.04.01.01-12-058/08-04", 
            "leaf": true, 
            "wojewodztwo": "Małopolskie", 
            "temat-priorytetu": "23 Drogi regionalne/lokalne", 
            "type": "Projekt", 
            "powiat": "Powiat m. Kraków", 
            "projekt-zakonczony-wniosek-o-platnosc-koncowa": "Tak", 
            "parent": "12-03", 
            "program-operacyjny-nazwa": "Regionalny Program Operacyjny Województwa Małopolskiego", 
            "poddzialanie-kod": "RPMP.04.01.01", 
            "kod-pocztowy": "31-156", 
            "obszar-realizacji": "01 Obszar miejski", 
            "wartosc-ogolem": 35957692.47, 
            "name": "Modernizacja drogi woj. nr 933 na odcinku Brzeszcze – Chrzanów wraz z budową wiaduktu w m. Kroczymiech", 
            "level": "c", 
            "miejscowosc": "Kraków", 
            "forma-prawna": "wspólnota samorządowa", 
            "parent_sort": "0012-0003", 
            "idef_sort": "0012-0003-0001", 
            "os-priorytetowa-kod": "RPMP.04.00.00", 
            "dofinansowanie-ue": 23273327.58
        }, 
        {
            "nip-beneficjenta": "", 
            "idef": "12-13", 
            "wydatki-kwalifikowalne": 35805119.35, 
            "dofinansowanie": 23273327.58, 
            "data-podpisania-umowyaneksu": "", 
            "dzialanie-kod": "", 
            "data-utworzenia-w-ksi-simik-07-13-umowyaneksu": "", 
            "numer-umowydecyzji": "", 
            "nazwa-beneficjenta": "", 
            "ostatni-wniosek-o-platnosc-dla-najbardziej-aktualnej-umowyaneksu": "", 
            "leaf": false, 
            "wojewodztwo": "", 
            "temat-priorytetu": "", 
            "type": "Powiat", 
            "powiat": "", 
            "projekt-zakonczony-wniosek-o-platnosc-koncowa": "", 
            "parent": "12", 
            "program-operacyjny-nazwa": "", 
            "poddzialanie-kod": "", 
            "kod-pocztowy": "", 
            "obszar-realizacji": "", 
            "wartosc-ogolem": 35957692.47, 
            "name": "Powiat oświęcimski", 
            "level": "b", 
            "miejscowosc": "", 
            "forma-prawna": "", 
            "parent_sort": "0012", 
            "idef_sort": "0012-0013", 
            "os-priorytetowa-kod": "", 
            "dofinansowanie-ue": 23273327.58
        }, 
        {
            "nip-beneficjenta": "6762083499", 
            "idef": "12-13-1", 
            "wydatki-kwalifikowalne": 35805119.35, 
            "dofinansowanie": 23273327.58, 
            "data-podpisania-umowyaneksu": "2009/10/15", 
            "dzialanie-kod": "RPMP.04.01.00", 
            "data-utworzenia-w-ksi-simik-07-13-umowyaneksu": "2010/02/08", 
            "numer-umowydecyzji": "RPMP.04.01.01-12-058/08-03", 
            "nazwa-beneficjenta": "Województwo Małopolskie", 
            "ostatni-wniosek-o-platnosc-dla-najbardziej-aktualnej-umowyaneksu": "RPMP.04.01.01-12-058/08-04", 
            "leaf": true, 
            "wojewodztwo": "Małopolskie", 
            "temat-priorytetu": "23 Drogi regionalne/lokalne", 
            "type": "Projekt", 
            "powiat": "Powiat m. Kraków", 
            "projekt-zakonczony-wniosek-o-platnosc-koncowa": "Tak", 
            "parent": "12-13", 
            "program-operacyjny-nazwa": "Regionalny Program Operacyjny Województwa Małopolskiego", 
            "poddzialanie-kod": "RPMP.04.01.01", 
            "kod-pocztowy": "31-156", 
            "obszar-realizacji": "01 Obszar miejski", 
            "wartosc-ogolem": 35957692.47, 
            "name": "Modernizacja drogi woj. nr 933 na odcinku Brzeszcze – Chrzanów wraz z budową wiaduktu w m. Kroczymiech", 
            "level": "c", 
            "miejscowosc": "Kraków", 
            "forma-prawna": "wspólnota samorządowa", 
            "parent_sort": "0012-0013", 
            "idef_sort": "0012-0013-0001", 
            "os-priorytetowa-kod": "RPMP.04.00.00", 
            "dofinansowanie-ue": 23273327.58
        }, 
        {
            "nip-beneficjenta": "", 
            "idef": "14", 
            "wydatki-kwalifikowalne": 3287160.05, 
            "dofinansowanie": 2794086.03, 
            "data-podpisania-umowyaneksu": "", 
            "dzialanie-kod": "", 
            "data-utworzenia-w-ksi-simik-07-13-umowyaneksu": "", 
            "numer-umowydecyzji": "", 
            "nazwa-beneficjenta": "", 
            "ostatni-wniosek-o-platnosc-dla-najbardziej-aktualnej-umowyaneksu": "", 
            "leaf": false, 
            "wojewodztwo": "", 
            "temat-priorytetu": "", 
            "type": "Województwo", 
            "powiat": "", 
            "projekt-zakonczony-wniosek-o-platnosc-koncowa": "", 
            "parent": null, 
            "program-operacyjny-nazwa": "", 
            "poddzialanie-kod": "", 
            "kod-pocztowy": "", 
            "obszar-realizacji": "", 
            "wartosc-ogolem": 3287160.05, 
            "name": "Mazowieckie", 
            "level": "a", 
            "miejscowosc": "", 
            "forma-prawna": "", 
            "parent_sort": null, 
            "idef_sort": "0014", 
            "os-priorytetowa-kod": "", 
            "dofinansowanie-ue": 2794086.03
        }, 
        {
            "nip-beneficjenta": "", 
            "idef": "14-13", 
            "wydatki-kwalifikowalne": 362500.83, 
            "dofinansowanie": 308125.7, 
            "data-podpisania-umowyaneksu": "", 
            "dzialanie-kod": "", 
            "data-utworzenia-w-ksi-simik-07-13-umowyaneksu": "", 
            "numer-umowydecyzji": "", 
            "nazwa-beneficjenta": "", 
            "ostatni-wniosek-o-platnosc-dla-najbardziej-aktualnej-umowyaneksu": "", 
            "leaf": false, 
            "wojewodztwo": "", 
            "temat-priorytetu": "", 
            "type": "Powiat", 
            "powiat": "", 
            "projekt-zakonczony-wniosek-o-platnosc-koncowa": "", 
            "parent": "14", 
            "program-operacyjny-nazwa": "", 
            "poddzialanie-kod": "", 
            "kod-pocztowy": "", 
            "obszar-realizacji": "", 
            "wartosc-ogolem": 362500.83, 
            "name": "Powiat mławski", 
            "level": "b", 
            "miejscowosc": "", 
            "forma-prawna": "", 
            "parent_sort": "0014", 
            "idef_sort": "0014-0013", 
            "os-priorytetowa-kod": "", 
            "dofinansowanie-ue": 308125.7
        }, 
        {
            "nip-beneficjenta": "5691426619", 
            "idef": "14-13-1", 
            "wydatki-kwalifikowalne": 362500.83, 
            "dofinansowanie": 308125.7, 
            "data-podpisania-umowyaneksu": "2009/06/26", 
            "dzialanie-kod": "POIS.12.01.00", 
            "data-utworzenia-w-ksi-simik-07-13-umowyaneksu": "2009/07/06", 
            "numer-umowydecyzji": "POIS.12.01.00-00-059/08-00", 
            "nazwa-beneficjenta": "Samodzielny Publiczny Zakład Opieki Zdrowotnej w Mławie", 
            "ostatni-wniosek-o-platnosc-dla-najbardziej-aktualnej-umowyaneksu": "POIS.12.01.00-00-059/08-01", 
            "leaf": true, 
            "wojewodztwo": "Mazowieckie", 
            "temat-priorytetu": "76 Infrastruktura ochrony zdrowia", 
            "type": "Projekt", 
            "powiat": "Powiat mławski", 
            "projekt-zakonczony-wniosek-o-platnosc-koncowa": "Tak", 
            "parent": "14-13", 
            "program-operacyjny-nazwa": "Program Operacyjny Infrastruktura i Środowisko", 
            "poddzialanie-kod": "", 
            "kod-pocztowy": "06-500", 
            "obszar-realizacji": "00 Nie dotyczy", 
            "wartosc-ogolem": 362500.83, 
            "name": "Wymiana ambulansu ratunkowego z wyposażeniem medycznym dla Zespołu Ratownictwa Medycznego SP ZOZ w Mławie.", 
            "level": "c", 
            "miejscowosc": "Mława", 
            "forma-prawna": "publiczny zakład opieki zdrowotnej", 
            "parent_sort": "0014-0013", 
            "idef_sort": "0014-0013-0001", 
            "os-priorytetowa-kod": "POIS.12.00.00", 
            "dofinansowanie-ue": 308125.7
        }, 
        {
            "nip-beneficjenta": "", 
            "idef": "14-63", 
            "wydatki-kwalifikowalne": 2924659.22, 
            "dofinansowanie": 2485960.33, 
            "data-podpisania-umowyaneksu": "", 
            "dzialanie-kod": "", 
            "data-utworzenia-w-ksi-simik-07-13-umowyaneksu": "", 
            "numer-umowydecyzji": "", 
            "nazwa-beneficjenta": "", 
            "ostatni-wniosek-o-platnosc-dla-najbardziej-aktualnej-umowyaneksu": "", 
            "leaf": false, 
            "wojewodztwo": "", 
            "temat-priorytetu": "", 
            "type": "Powiat", 
            "powiat": "", 
            "projekt-zakonczony-wniosek-o-platnosc-koncowa": "", 
            "parent": "14", 
            "program-operacyjny-nazwa": "", 
            "poddzialanie-kod": "", 
            "kod-pocztowy": "", 
            "obszar-realizacji": "", 
            "wartosc-ogolem": 2924659.22, 
            "name": "Powiat m. Radom", 
            "level": "b", 
            "miejscowosc": "", 
            "forma-prawna": "", 
            "parent_sort": "0014", 
            "idef_sort": "0014-0063", 
            "os-priorytetowa-kod": "", 
            "dofinansowanie-ue": 2485960.33
        }, 
        {
            "nip-beneficjenta": "9481668643", 
            "idef": "14-63-1", 
            "wydatki-kwalifikowalne": 2924659.22, 
            "dofinansowanie": 2485960.33, 
            "data-podpisania-umowyaneksu": "2009/06/24", 
            "dzialanie-kod": "POIS.12.01.00", 
            "data-utworzenia-w-ksi-simik-07-13-umowyaneksu": "2009/07/17", 
            "numer-umowydecyzji": "POIS.12.01.00-00-171/08-00", 
            "nazwa-beneficjenta": "Radomska Stacja Pogotowia Ratunkowego w Radomiu", 
            "ostatni-wniosek-o-platnosc-dla-najbardziej-aktualnej-umowyaneksu": "POIS.12.01.00-00-171/08-02-K01", 
            "leaf": true, 
            "wojewodztwo": "Mazowieckie", 
            "temat-priorytetu": "76 Infrastruktura ochrony zdrowia", 
            "type": "Projekt", 
            "powiat": "Powiat m. Radom", 
            "projekt-zakonczony-wniosek-o-platnosc-koncowa": "Tak", 
            "parent": "14-63", 
            "program-operacyjny-nazwa": "Program Operacyjny Infrastruktura i Środowisko", 
            "poddzialanie-kod": "", 
            "kod-pocztowy": "26-600", 
            "obszar-realizacji": "00 Nie dotyczy", 
            "wartosc-ogolem": 2924659.22, 
            "name": "Zakup specjalistycznych środków transportu sanitarnego na potrzeby Radomskiej Stacji Pogotowia Ratunkowego.", 
            "level": "c", 
            "miejscowosc": "Radom", 
            "forma-prawna": "publiczny zakład opieki zdrowotnej", 
            "parent_sort": "0014-0063", 
            "idef_sort": "0014-0063-0001", 
            "os-priorytetowa-kod": "POIS.12.00.00", 
            "dofinansowanie-ue": 2485960.33
        }, 
        {
            "nip-beneficjenta": "", 
            "idef": "16", 
            "wydatki-kwalifikowalne": 751069.0, 
            "dofinansowanie": 638408.65, 
            "data-podpisania-umowyaneksu": "", 
            "dzialanie-kod": "", 
            "data-utworzenia-w-ksi-simik-07-13-umowyaneksu": "", 
            "numer-umowydecyzji": "", 
            "nazwa-beneficjenta": "", 
            "ostatni-wniosek-o-platnosc-dla-najbardziej-aktualnej-umowyaneksu": "", 
            "leaf": false, 
            "wojewodztwo": "", 
            "temat-priorytetu": "", 
            "type": "Województwo", 
            "powiat": "", 
            "projekt-zakonczony-wniosek-o-platnosc-koncowa": "", 
            "parent": null, 
            "program-operacyjny-nazwa": "", 
            "poddzialanie-kod": "", 
            "kod-pocztowy": "", 
            "obszar-realizacji": "", 
            "wartosc-ogolem": 751069.0, 
            "name": "Opolskie", 
            "level": "a", 
            "miejscowosc": "", 
            "forma-prawna": "", 
            "parent_sort": null, 
            "idef_sort": "0016", 
            "os-priorytetowa-kod": "", 
            "dofinansowanie-ue": 638408.65
        }, 
        {
            "nip-beneficjenta": "", 
            "idef": "16-08", 
            "wydatki-kwalifikowalne": 751069.0, 
            "dofinansowanie": 638408.65, 
            "data-podpisania-umowyaneksu": "", 
            "dzialanie-kod": "", 
            "data-utworzenia-w-ksi-simik-07-13-umowyaneksu": "", 
            "numer-umowydecyzji": "", 
            "nazwa-beneficjenta": "", 
            "ostatni-wniosek-o-platnosc-dla-najbardziej-aktualnej-umowyaneksu": "", 
            "leaf": false, 
            "wojewodztwo": "", 
            "temat-priorytetu": "", 
            "type": "Powiat", 
            "powiat": "", 
            "projekt-zakonczony-wniosek-o-platnosc-koncowa": "", 
            "parent": "16", 
            "program-operacyjny-nazwa": "", 
            "poddzialanie-kod": "", 
            "kod-pocztowy": "", 
            "obszar-realizacji": "", 
            "wartosc-ogolem": 751069.0, 
            "name": "Powiat oleski", 
            "level": "b", 
            "miejscowosc": "", 
            "forma-prawna": "", 
            "parent_sort": "0016", 
            "idef_sort": "0016-0008", 
            "os-priorytetowa-kod": "", 
            "dofinansowanie-ue": 638408.65
        }, 
        {
            "nip-beneficjenta": "5761361228", 
            "idef": "16-08-1", 
            "wydatki-kwalifikowalne": 751069.0, 
            "dofinansowanie": 638408.65, 
            "data-podpisania-umowyaneksu": "2009/06/26", 
            "dzialanie-kod": "POIS.12.01.00", 
            "data-utworzenia-w-ksi-simik-07-13-umowyaneksu": "2009/07/16", 
            "numer-umowydecyzji": "POIS.12.01.00-00-060/08-00", 
            "nazwa-beneficjenta": "Zespół Opieki Zdrowotnej w Oleśnie", 
            "ostatni-wniosek-o-platnosc-dla-najbardziej-aktualnej-umowyaneksu": "POIS.12.01.00-00-060/08-03", 
            "leaf": true, 
            "wojewodztwo": "Opolskie", 
            "temat-priorytetu": "76 Infrastruktura ochrony zdrowia", 
            "type": "Projekt", 
            "powiat": "Powiat oleski", 
            "projekt-zakonczony-wniosek-o-platnosc-koncowa": "Tak", 
            "parent": "16-08", 
            "program-operacyjny-nazwa": "Program Operacyjny Infrastruktura i Środowisko", 
            "poddzialanie-kod": "", 
            "kod-pocztowy": "46-300", 
            "obszar-realizacji": "00 Nie dotyczy", 
            "wartosc-ogolem": 751069.0, 
            "name": "Poprawa skuteczności działania zespołu ratownictwa medycznego w Olesnie poprzez zakup specjalistycznych środków transportu sanitarnego.", 
            "level": "c", 
            "miejscowosc": "Olesno", 
            "forma-prawna": "publiczny zakład opieki zdrowotnej", 
            "parent_sort": "0016-0008", 
            "idef_sort": "0016-0008-0001", 
            "os-priorytetowa-kod": "POIS.12.00.00", 
            "dofinansowanie-ue": 638408.65
        }, 
        {
            "nip-beneficjenta": "", 
            "idef": "24", 
            "wydatki-kwalifikowalne": 654195.0, 
            "dofinansowanie": 556065.75, 
            "data-podpisania-umowyaneksu": "", 
            "dzialanie-kod": "", 
            "data-utworzenia-w-ksi-simik-07-13-umowyaneksu": "", 
            "numer-umowydecyzji": "", 
            "nazwa-beneficjenta": "", 
            "ostatni-wniosek-o-platnosc-dla-najbardziej-aktualnej-umowyaneksu": "", 
            "leaf": false, 
            "wojewodztwo": "", 
            "temat-priorytetu": "", 
            "type": "Województwo", 
            "powiat": "", 
            "projekt-zakonczony-wniosek-o-platnosc-koncowa": "", 
            "parent": null, 
            "program-operacyjny-nazwa": "", 
            "poddzialanie-kod": "", 
            "kod-pocztowy": "", 
            "obszar-realizacji": "", 
            "wartosc-ogolem": 654195.0, 
            "name": "Śląskie", 
            "level": "a", 
            "miejscowosc": "", 
            "forma-prawna": "", 
            "parent_sort": null, 
            "idef_sort": "0024", 
            "os-priorytetowa-kod": "", 
            "dofinansowanie-ue": 556065.75
        }, 
        {
            "nip-beneficjenta": "", 
            "idef": "24-02", 
            "wydatki-kwalifikowalne": 654195.0, 
            "dofinansowanie": 556065.75, 
            "data-podpisania-umowyaneksu": "", 
            "dzialanie-kod": "", 
            "data-utworzenia-w-ksi-simik-07-13-umowyaneksu": "", 
            "numer-umowydecyzji": "", 
            "nazwa-beneficjenta": "", 
            "ostatni-wniosek-o-platnosc-dla-najbardziej-aktualnej-umowyaneksu": "", 
            "leaf": false, 
            "wojewodztwo": "", 
            "temat-priorytetu": "", 
            "type": "Powiat", 
            "powiat": "", 
            "projekt-zakonczony-wniosek-o-platnosc-koncowa": "", 
            "parent": "24", 
            "program-operacyjny-nazwa": "", 
            "poddzialanie-kod": "", 
            "kod-pocztowy": "", 
            "obszar-realizacji": "", 
            "wartosc-ogolem": 654195.0, 
            "name": "Powiat bielski", 
            "level": "b", 
            "miejscowosc": "", 
            "forma-prawna": "", 
            "parent_sort": "0024", 
            "idef_sort": "0024-0002", 
            "os-priorytetowa-kod": "", 
            "dofinansowanie-ue": 556065.75
        }, 
        {
            "nip-beneficjenta": "5470292617", 
            "idef": "24-02-1", 
            "wydatki-kwalifikowalne": 654195.0, 
            "dofinansowanie": 556065.75, 
            "data-podpisania-umowyaneksu": "2009/06/24", 
            "dzialanie-kod": "POIS.12.01.00", 
            "data-utworzenia-w-ksi-simik-07-13-umowyaneksu": "2009/07/06", 
            "numer-umowydecyzji": "POIS.12.01.00-00-178/08-00", 
            "nazwa-beneficjenta": "Bielskie Pogotowie Ratunkowe", 
            "ostatni-wniosek-o-platnosc-dla-najbardziej-aktualnej-umowyaneksu": "POIS.12.01.00-00-178/08-01", 
            "leaf": true, 
            "wojewodztwo": "Śląskie", 
            "temat-priorytetu": "76 Infrastruktura ochrony zdrowia", 
            "type": "Projekt", 
            "powiat": "Powiat m. Bielsko-Biała", 
            "projekt-zakonczony-wniosek-o-platnosc-koncowa": "Tak", 
            "parent": "24-02", 
            "program-operacyjny-nazwa": "Program Operacyjny Infrastruktura i Środowisko", 
            "poddzialanie-kod": "", 
            "kod-pocztowy": "43-300", 
            "obszar-realizacji": "00 Nie dotyczy", 
            "wartosc-ogolem": 654195.0, 
            "name": "Poprawa jakości i dostępności do systemu ratownictwa medycznego w Bielskim Pogotowiu Ratunkowym poprzez wymianę 3 sztuk wyeksploatowanych karetek sanitarnych na nowe ambulanse dla zespołów specjalistycznych.", 
            "level": "c", 
            "miejscowosc": "Bielsko - Biała", 
            "forma-prawna": "publiczny zakład opieki zdrowotnej", 
            "parent_sort": "0024-0002", 
            "idef_sort": "0024-0002-0001", 
            "os-priorytetowa-kod": "POIS.12.00.00", 
            "dofinansowanie-ue": 556065.75
        }, 
        {
            "nip-beneficjenta": "", 
            "idef": "26", 
            "wydatki-kwalifikowalne": 819999.99, 
            "dofinansowanie": 492000.0, 
            "data-podpisania-umowyaneksu": "", 
            "dzialanie-kod": "", 
            "data-utworzenia-w-ksi-simik-07-13-umowyaneksu": "", 
            "numer-umowydecyzji": "", 
            "nazwa-beneficjenta": "", 
            "ostatni-wniosek-o-platnosc-dla-najbardziej-aktualnej-umowyaneksu": "", 
            "leaf": false, 
            "wojewodztwo": "", 
            "temat-priorytetu": "", 
            "type": "Województwo", 
            "powiat": "", 
            "projekt-zakonczony-wniosek-o-platnosc-koncowa": "", 
            "parent": null, 
            "program-operacyjny-nazwa": "", 
            "poddzialanie-kod": "", 
            "kod-pocztowy": "", 
            "obszar-realizacji": "", 
            "wartosc-ogolem": 828235.32, 
            "name": "Świętokrzyskie", 
            "level": "a", 
            "miejscowosc": "", 
            "forma-prawna": "", 
            "parent_sort": null, 
            "idef_sort": "0026", 
            "os-priorytetowa-kod": "", 
            "dofinansowanie-ue": 492000.0
        }, 
        {
            "nip-beneficjenta": "", 
            "idef": "26-04", 
            "wydatki-kwalifikowalne": 273333.33, 
            "dofinansowanie": 164000.0, 
            "data-podpisania-umowyaneksu": "", 
            "dzialanie-kod": "", 
            "data-utworzenia-w-ksi-simik-07-13-umowyaneksu": "", 
            "numer-umowydecyzji": "", 
            "nazwa-beneficjenta": "", 
            "ostatni-wniosek-o-platnosc-dla-najbardziej-aktualnej-umowyaneksu": "", 
            "leaf": false, 
            "wojewodztwo": "", 
            "temat-priorytetu": "", 
            "type": "Powiat", 
            "powiat": "", 
            "projekt-zakonczony-wniosek-o-platnosc-koncowa": "", 
            "parent": "26", 
            "program-operacyjny-nazwa": "", 
            "poddzialanie-kod": "", 
            "kod-pocztowy": "", 
            "obszar-realizacji": "", 
            "wartosc-ogolem": 276078.44, 
            "name": "Powiat kielecki", 
            "level": "b", 
            "miejscowosc": "", 
            "forma-prawna": "", 
            "parent_sort": "0026", 
            "idef_sort": "0026-0004", 
            "os-priorytetowa-kod": "", 
            "dofinansowanie-ue": 164000.0
        }, 
        {
            "nip-beneficjenta": "6570313331", 
            "idef": "26-04-1", 
            "wydatki-kwalifikowalne": 273333.33, 
            "dofinansowanie": 164000.0, 
            "data-podpisania-umowyaneksu": "2009/12/29", 
            "dzialanie-kod": "RPSW.03.01.00", 
            "data-utworzenia-w-ksi-simik-07-13-umowyaneksu": "2009/12/31", 
            "numer-umowydecyzji": "RPSW.03.01.00-26-045/08-02", 
            "nazwa-beneficjenta": "Komenda Wojewódzka Policji w Kielcach", 
            "ostatni-wniosek-o-platnosc-dla-najbardziej-aktualnej-umowyaneksu": "RPSW.03.01.00-26-045/08-03", 
            "leaf": true, 
            "wojewodztwo": "Świętokrzyskie", 
            "temat-priorytetu": "28 Inteligentne systemy transportu", 
            "type": "Projekt", 
            "powiat": "Powiat m. Kielce", 
            "projekt-zakonczony-wniosek-o-platnosc-koncowa": "Tak", 
            "parent": "26-04", 
            "program-operacyjny-nazwa": "Regionalny Program Operacyjny Województwa Świętokrzyskiego", 
            "poddzialanie-kod": "", 
            "kod-pocztowy": "25-372", 
            "obszar-realizacji": "00 Nie dotyczy", 
            "wartosc-ogolem": 276078.44, 
            "name": "Stworzenie systemu do poprawy bezpieczeństwa w zakresie ruchu drogowego i działań Policji w sytuacjach kryzysowych w oparciu o sprzęt specjalistyczny.", 
            "level": "c", 
            "miejscowosc": "Kielce", 
            "forma-prawna": "państwowa jednostka organizacyjna", 
            "parent_sort": "0026-0004", 
            "idef_sort": "0026-0004-0001", 
            "os-priorytetowa-kod": "RPSW.03.00.00", 
            "dofinansowanie-ue": 164000.0
        }, 
        {
            "nip-beneficjenta": "", 
            "idef": "26-07", 
            "wydatki-kwalifikowalne": 273333.33, 
            "dofinansowanie": 164000.0, 
            "data-podpisania-umowyaneksu": "", 
            "dzialanie-kod": "", 
            "data-utworzenia-w-ksi-simik-07-13-umowyaneksu": "", 
            "numer-umowydecyzji": "", 
            "nazwa-beneficjenta": "", 
            "ostatni-wniosek-o-platnosc-dla-najbardziej-aktualnej-umowyaneksu": "", 
            "leaf": false, 
            "wojewodztwo": "", 
            "temat-priorytetu": "", 
            "type": "Powiat", 
            "powiat": "", 
            "projekt-zakonczony-wniosek-o-platnosc-koncowa": "", 
            "parent": "26", 
            "program-operacyjny-nazwa": "", 
            "poddzialanie-kod": "", 
            "kod-pocztowy": "", 
            "obszar-realizacji": "", 
            "wartosc-ogolem": 276078.44, 
            "name": "Powiat ostrowiecki", 
            "level": "b", 
            "miejscowosc": "", 
            "forma-prawna": "", 
            "parent_sort": "0026", 
            "idef_sort": "0026-0007", 
            "os-priorytetowa-kod": "", 
            "dofinansowanie-ue": 164000.0
        }, 
        {
            "nip-beneficjenta": "6570313331", 
            "idef": "26-07-1", 
            "wydatki-kwalifikowalne": 273333.33, 
            "dofinansowanie": 164000.0, 
            "data-podpisania-umowyaneksu": "2009/12/29", 
            "dzialanie-kod": "RPSW.03.01.00", 
            "data-utworzenia-w-ksi-simik-07-13-umowyaneksu": "2009/12/31", 
            "numer-umowydecyzji": "RPSW.03.01.00-26-045/08-02", 
            "nazwa-beneficjenta": "Komenda Wojewódzka Policji w Kielcach", 
            "ostatni-wniosek-o-platnosc-dla-najbardziej-aktualnej-umowyaneksu": "RPSW.03.01.00-26-045/08-03", 
            "leaf": true, 
            "wojewodztwo": "Świętokrzyskie", 
            "temat-priorytetu": "28 Inteligentne systemy transportu", 
            "type": "Projekt", 
            "powiat": "Powiat m. Kielce", 
            "projekt-zakonczony-wniosek-o-platnosc-koncowa": "Tak", 
            "parent": "26-07", 
            "program-operacyjny-nazwa": "Regionalny Program Operacyjny Województwa Świętokrzyskiego", 
            "poddzialanie-kod": "", 
            "kod-pocztowy": "25-372", 
            "obszar-realizacji": "00 Nie dotyczy", 
            "wartosc-ogolem": 276078.44, 
            "name": "Stworzenie systemu do poprawy bezpieczeństwa w zakresie ruchu drogowego i działań Policji w sytuacjach kryzysowych w oparciu o sprzęt specjalistyczny.", 
            "level": "c", 
            "miejscowosc": "Kielce", 
            "forma-prawna": "państwowa jednostka organizacyjna", 
            "parent_sort": "0026-0007", 
            "idef_sort": "0026-0007-0001", 
            "os-priorytetowa-kod": "RPSW.03.00.00", 
            "dofinansowanie-ue": 164000.0
        }, 
        {
            "nip-beneficjenta": "", 
            "idef": "26-11", 
            "wydatki-kwalifikowalne": 273333.33, 
            "dofinansowanie": 164000.0, 
            "data-podpisania-umowyaneksu": "", 
            "dzialanie-kod": "", 
            "data-utworzenia-w-ksi-simik-07-13-umowyaneksu": "", 
            "numer-umowydecyzji": "", 
            "nazwa-beneficjenta": "", 
            "ostatni-wniosek-o-platnosc-dla-najbardziej-aktualnej-umowyaneksu": "", 
            "leaf": false, 
            "wojewodztwo": "", 
            "temat-priorytetu": "", 
            "type": "Powiat", 
            "powiat": "", 
            "projekt-zakonczony-wniosek-o-platnosc-koncowa": "", 
            "parent": "26", 
            "program-operacyjny-nazwa": "", 
            "poddzialanie-kod": "", 
            "kod-pocztowy": "", 
            "obszar-realizacji": "", 
            "wartosc-ogolem": 276078.44, 
            "name": "Powiat starachowicki", 
            "level": "b", 
            "miejscowosc": "", 
            "forma-prawna": "", 
            "parent_sort": "0026", 
            "idef_sort": "0026-0011", 
            "os-priorytetowa-kod": "", 
            "dofinansowanie-ue": 164000.0
        }, 
        {
            "nip-beneficjenta": "6570313331", 
            "idef": "26-11-1", 
            "wydatki-kwalifikowalne": 273333.33, 
            "dofinansowanie": 164000.0, 
            "data-podpisania-umowyaneksu": "2009/12/29", 
            "dzialanie-kod": "RPSW.03.01.00", 
            "data-utworzenia-w-ksi-simik-07-13-umowyaneksu": "2009/12/31", 
            "numer-umowydecyzji": "RPSW.03.01.00-26-045/08-02", 
            "nazwa-beneficjenta": "Komenda Wojewódzka Policji w Kielcach", 
            "ostatni-wniosek-o-platnosc-dla-najbardziej-aktualnej-umowyaneksu": "RPSW.03.01.00-26-045/08-03", 
            "leaf": true, 
            "wojewodztwo": "Świętokrzyskie", 
            "temat-priorytetu": "28 Inteligentne systemy transportu", 
            "type": "Projekt", 
            "powiat": "Powiat m. Kielce", 
            "projekt-zakonczony-wniosek-o-platnosc-koncowa": "Tak", 
            "parent": "26-11", 
            "program-operacyjny-nazwa": "Regionalny Program Operacyjny Województwa Świętokrzyskiego", 
            "poddzialanie-kod": "", 
            "kod-pocztowy": "25-372", 
            "obszar-realizacji": "00 Nie dotyczy", 
            "wartosc-ogolem": 276078.44, 
            "name": "Stworzenie systemu do poprawy bezpieczeństwa w zakresie ruchu drogowego i działań Policji w sytuacjach kryzysowych w oparciu o sprzęt specjalistyczny.", 
            "level": "c", 
            "miejscowosc": "Kielce", 
            "forma-prawna": "państwowa jednostka organizacyjna", 
            "parent_sort": "0026-0011", 
            "idef_sort": "0026-0011-0001", 
            "os-priorytetowa-kod": "RPSW.03.00.00", 
            "dofinansowanie-ue": 164000.0
        }, 
        {
            "nip-beneficjenta": "", 
            "idef": "28", 
            "wydatki-kwalifikowalne": 1804526.06, 
            "dofinansowanie": 1533845.83, 
            "data-podpisania-umowyaneksu": "", 
            "dzialanie-kod": "", 
            "data-utworzenia-w-ksi-simik-07-13-umowyaneksu": "", 
            "numer-umowydecyzji": "", 
            "nazwa-beneficjenta": "", 
            "ostatni-wniosek-o-platnosc-dla-najbardziej-aktualnej-umowyaneksu": "", 
            "leaf": false, 
            "wojewodztwo": "", 
            "temat-priorytetu": "", 
            "type": "Województwo", 
            "powiat": "", 
            "projekt-zakonczony-wniosek-o-platnosc-koncowa": "", 
            "parent": null, 
            "program-operacyjny-nazwa": "", 
            "poddzialanie-kod": "", 
            "kod-pocztowy": "", 
            "obszar-realizacji": "", 
            "wartosc-ogolem": 1810016.06, 
            "name": "Warmińsko-mazurskie", 
            "level": "a", 
            "miejscowosc": "", 
            "forma-prawna": "", 
            "parent_sort": null, 
            "idef_sort": "0028", 
            "os-priorytetowa-kod": "", 
            "dofinansowanie-ue": 1533845.83
        }, 
        {
            "nip-beneficjenta": "", 
            "idef": "28-07", 
            "wydatki-kwalifikowalne": 387238.44, 
            "dofinansowanie": 329152.67, 
            "data-podpisania-umowyaneksu": "", 
            "dzialanie-kod": "", 
            "data-utworzenia-w-ksi-simik-07-13-umowyaneksu": "", 
            "numer-umowydecyzji": "", 
            "nazwa-beneficjenta": "", 
            "ostatni-wniosek-o-platnosc-dla-najbardziej-aktualnej-umowyaneksu": "", 
            "leaf": false, 
            "wojewodztwo": "", 
            "temat-priorytetu": "", 
            "type": "Powiat", 
            "powiat": "", 
            "projekt-zakonczony-wniosek-o-platnosc-koncowa": "", 
            "parent": "28", 
            "program-operacyjny-nazwa": "", 
            "poddzialanie-kod": "", 
            "kod-pocztowy": "", 
            "obszar-realizacji": "", 
            "wartosc-ogolem": 387238.44, 
            "name": "Powiat iławski", 
            "level": "b", 
            "miejscowosc": "", 
            "forma-prawna": "", 
            "parent_sort": "0028", 
            "idef_sort": "0028-0007", 
            "os-priorytetowa-kod": "", 
            "dofinansowanie-ue": 329152.67
        }, 
        {
            "nip-beneficjenta": "7441484344", 
            "idef": "28-07-1", 
            "wydatki-kwalifikowalne": 387238.44, 
            "dofinansowanie": 329152.67, 
            "data-podpisania-umowyaneksu": "2009/07/02", 
            "dzialanie-kod": "POIS.12.01.00", 
            "data-utworzenia-w-ksi-simik-07-13-umowyaneksu": "2009/07/17", 
            "numer-umowydecyzji": "POIS.12.01.00-00-173/08-00", 
            "nazwa-beneficjenta": "Powiatowy Szpital im. Władysława Biegańskiego w Iławie", 
            "ostatni-wniosek-o-platnosc-dla-najbardziej-aktualnej-umowyaneksu": "POIS.12.01.00-00-173/08-01", 
            "leaf": true, 
            "wojewodztwo": "Warmińsko-mazurskie", 
            "temat-priorytetu": "76 Infrastruktura ochrony zdrowia", 
            "type": "Projekt", 
            "powiat": "Powiat iławski", 
            "projekt-zakonczony-wniosek-o-platnosc-koncowa": "Tak", 
            "parent": "28-07", 
            "program-operacyjny-nazwa": "Program Operacyjny Infrastruktura i Środowisko", 
            "poddzialanie-kod": "", 
            "kod-pocztowy": "14-200", 
            "obszar-realizacji": "00 Nie dotyczy", 
            "wartosc-ogolem": 387238.44, 
            "name": "Wymiana ambulansu podstawowego zespołu ratownictwa medycznego w Zalewie szansą mieszkańców powiatu iławskiego na lepszy dostęp do świadczeń.", 
            "level": "c", 
            "miejscowosc": "Iława", 
            "forma-prawna": "publiczny zakład opieki zdrowotnej", 
            "parent_sort": "0028-0007", 
            "idef_sort": "0028-0007-0001", 
            "os-priorytetowa-kod": "POIS.12.00.00", 
            "dofinansowanie-ue": 329152.67
        }, 
        {
            "nip-beneficjenta": "", 
            "idef": "28-10", 
            "wydatki-kwalifikowalne": 763884.62, 
            "dofinansowanie": 649300.62, 
            "data-podpisania-umowyaneksu": "", 
            "dzialanie-kod": "", 
            "data-utworzenia-w-ksi-simik-07-13-umowyaneksu": "", 
            "numer-umowydecyzji": "", 
            "nazwa-beneficjenta": "", 
            "ostatni-wniosek-o-platnosc-dla-najbardziej-aktualnej-umowyaneksu": "", 
            "leaf": false, 
            "wojewodztwo": "", 
            "temat-priorytetu": "", 
            "type": "Powiat", 
            "powiat": "", 
            "projekt-zakonczony-wniosek-o-platnosc-koncowa": "", 
            "parent": "28", 
            "program-operacyjny-nazwa": "", 
            "poddzialanie-kod": "", 
            "kod-pocztowy": "", 
            "obszar-realizacji": "", 
            "wartosc-ogolem": 769374.62, 
            "name": "Powiat mrągowski", 
            "level": "b", 
            "miejscowosc": "", 
            "forma-prawna": "", 
            "parent_sort": "0028", 
            "idef_sort": "0028-0010", 
            "os-priorytetowa-kod": "", 
            "dofinansowanie-ue": 649300.62
        }, 
        {
            "nip-beneficjenta": "7421836662", 
            "idef": "28-10-1", 
            "wydatki-kwalifikowalne": 763884.62, 
            "dofinansowanie": 649300.62, 
            "data-podpisania-umowyaneksu": "2009/06/25", 
            "dzialanie-kod": "POIS.12.01.00", 
            "data-utworzenia-w-ksi-simik-07-13-umowyaneksu": "2009/07/07", 
            "numer-umowydecyzji": "POIS.12.01.00-00-102/08-00", 
            "nazwa-beneficjenta": "Szpital Powiatowy im. Michała Kajki w Mrągowie", 
            "ostatni-wniosek-o-platnosc-dla-najbardziej-aktualnej-umowyaneksu": "POIS.12.01.00-00-102/08-04", 
            "leaf": true, 
            "wojewodztwo": "Warmińsko-mazurskie", 
            "temat-priorytetu": "76 Infrastruktura ochrony zdrowia", 
            "type": "Projekt", 
            "powiat": "Powiat mrągowski", 
            "projekt-zakonczony-wniosek-o-platnosc-koncowa": "Tak", 
            "parent": "28-10", 
            "program-operacyjny-nazwa": "Program Operacyjny Infrastruktura i Środowisko", 
            "poddzialanie-kod": "", 
            "kod-pocztowy": "11-700", 
            "obszar-realizacji": "00 Nie dotyczy", 
            "wartosc-ogolem": 769374.62, 
            "name": "Zakup dwóch ambulansów z wyposażeniem dla Podstawowych Zespołów Ratownictwa Medycznego w Powiecie Mrągowskim przez Szpital Powiatowy w Mrągowie.", 
            "level": "c", 
            "miejscowosc": "Mrągowo", 
            "forma-prawna": "publiczny zakład opieki zdrowotnej", 
            "parent_sort": "0028-0010", 
            "idef_sort": "0028-0010-0001", 
            "os-priorytetowa-kod": "POIS.12.00.00", 
            "dofinansowanie-ue": 649300.62
        }, 
        {
            "nip-beneficjenta": "", 
            "idef": "28-14", 
            "wydatki-kwalifikowalne": 340042.9, 
            "dofinansowanie": 289036.46, 
            "data-podpisania-umowyaneksu": "", 
            "dzialanie-kod": "", 
            "data-utworzenia-w-ksi-simik-07-13-umowyaneksu": "", 
            "numer-umowydecyzji": "", 
            "nazwa-beneficjenta": "", 
            "ostatni-wniosek-o-platnosc-dla-najbardziej-aktualnej-umowyaneksu": "", 
            "leaf": false, 
            "wojewodztwo": "", 
            "temat-priorytetu": "", 
            "type": "Powiat", 
            "powiat": "", 
            "projekt-zakonczony-wniosek-o-platnosc-koncowa": "", 
            "parent": "28", 
            "program-operacyjny-nazwa": "", 
            "poddzialanie-kod": "", 
            "kod-pocztowy": "", 
            "obszar-realizacji": "", 
            "wartosc-ogolem": 340042.9, 
            "name": "Powiat olsztyński", 
            "level": "b", 
            "miejscowosc": "", 
            "forma-prawna": "", 
            "parent_sort": "0028", 
            "idef_sort": "0028-0014", 
            "os-priorytetowa-kod": "", 
            "dofinansowanie-ue": 289036.46
        }, 
        {
            "nip-beneficjenta": "7392955819", 
            "idef": "28-14-1", 
            "wydatki-kwalifikowalne": 340042.9, 
            "dofinansowanie": 289036.46, 
            "data-podpisania-umowyaneksu": "2009/06/30", 
            "dzialanie-kod": "POIS.12.01.00", 
            "data-utworzenia-w-ksi-simik-07-13-umowyaneksu": "2009/07/06", 
            "numer-umowydecyzji": "POIS.12.01.00-00-061/08-00", 
            "nazwa-beneficjenta": "Szpital Powiatowy im. Jana Mikulicza w Biskupcu", 
            "ostatni-wniosek-o-platnosc-dla-najbardziej-aktualnej-umowyaneksu": "POIS.12.01.00-00-061/08-02", 
            "leaf": true, 
            "wojewodztwo": "Warmińsko-mazurskie", 
            "temat-priorytetu": "76 Infrastruktura ochrony zdrowia", 
            "type": "Projekt", 
            "powiat": "Powiat olsztyński", 
            "projekt-zakonczony-wniosek-o-platnosc-koncowa": "Tak", 
            "parent": "28-14", 
            "program-operacyjny-nazwa": "Program Operacyjny Infrastruktura i Środowisko", 
            "poddzialanie-kod": "", 
            "kod-pocztowy": "11-300", 
            "obszar-realizacji": "00 Nie dotyczy", 
            "wartosc-ogolem": 340042.9, 
            "name": "Wzrost bezpieczeństwa zdrowotnego poprzez doposażenie Szpitala Powiatowego im. Jana Mikulicza w Biskupcu w specjalistyczny ambulans wraz z wyposażeniem.", 
            "level": "c", 
            "miejscowosc": "Biskupiec", 
            "forma-prawna": "publiczny zakład opieki zdrowotnej", 
            "parent_sort": "0028-0014", 
            "idef_sort": "0028-0014-0001", 
            "os-priorytetowa-kod": "POIS.12.00.00", 
            "dofinansowanie-ue": 289036.46
        }, 
        {
            "nip-beneficjenta": "", 
            "idef": "28-61", 
            "wydatki-kwalifikowalne": 313360.1, 
            "dofinansowanie": 266356.08, 
            "data-podpisania-umowyaneksu": "", 
            "dzialanie-kod": "", 
            "data-utworzenia-w-ksi-simik-07-13-umowyaneksu": "", 
            "numer-umowydecyzji": "", 
            "nazwa-beneficjenta": "", 
            "ostatni-wniosek-o-platnosc-dla-najbardziej-aktualnej-umowyaneksu": "", 
            "leaf": false, 
            "wojewodztwo": "", 
            "temat-priorytetu": "", 
            "type": "Powiat", 
            "powiat": "", 
            "projekt-zakonczony-wniosek-o-platnosc-koncowa": "", 
            "parent": "28", 
            "program-operacyjny-nazwa": "", 
            "poddzialanie-kod": "", 
            "kod-pocztowy": "", 
            "obszar-realizacji": "", 
            "wartosc-ogolem": 313360.1, 
            "name": "Powiat m. Elbląg", 
            "level": "b", 
            "miejscowosc": "", 
            "forma-prawna": "", 
            "parent_sort": "0028", 
            "idef_sort": "0028-0061", 
            "os-priorytetowa-kod": "", 
            "dofinansowanie-ue": 266356.08
        }, 
        {
            "nip-beneficjenta": "5782517492", 
            "idef": "28-61-1", 
            "wydatki-kwalifikowalne": 313360.1, 
            "dofinansowanie": 266356.08, 
            "data-podpisania-umowyaneksu": "2009/07/02", 
            "dzialanie-kod": "POIS.12.01.00", 
            "data-utworzenia-w-ksi-simik-07-13-umowyaneksu": "2009/07/17", 
            "numer-umowydecyzji": "POIS.12.01.00-00-204/08-00", 
            "nazwa-beneficjenta": "Wojewdzki Szpital Zespolony w Elblągu", 
            "ostatni-wniosek-o-platnosc-dla-najbardziej-aktualnej-umowyaneksu": "POIS.12.01.00-00-204/08-01", 
            "leaf": true, 
            "wojewodztwo": "Warmińsko-mazurskie", 
            "temat-priorytetu": "76 Infrastruktura ochrony zdrowia", 
            "type": "Projekt", 
            "powiat": "Powiat elbląski / Powiat m. Elbląg", 
            "projekt-zakonczony-wniosek-o-platnosc-koncowa": "Tak", 
            "parent": "28-61", 
            "program-operacyjny-nazwa": "Program Operacyjny Infrastruktura i Środowisko", 
            "poddzialanie-kod": "", 
            "kod-pocztowy": "82-300", 
            "obszar-realizacji": "00 Nie dotyczy", 
            "wartosc-ogolem": 313360.1, 
            "name": "Zakup ambulansu z wyposażeniem przez Wojewódzki Szpital Zespolony w Elblągu na potrzeby specjalistycznego zespołu ratownictwa medycznego w Elblągu.", 
            "level": "c", 
            "miejscowosc": "Elbląg", 
            "forma-prawna": "publiczny zakład opieki zdrowotnej", 
            "parent_sort": "0028-0061", 
            "idef_sort": "0028-0061-0001", 
            "os-priorytetowa-kod": "POIS.12.00.00", 
            "dofinansowanie-ue": 266356.08
        }, 
        {
            "nip-beneficjenta": "", 
            "idef": "30", 
            "wydatki-kwalifikowalne": 2915421.25, 
            "dofinansowanie": 2478108.05, 
            "data-podpisania-umowyaneksu": "", 
            "dzialanie-kod": "", 
            "data-utworzenia-w-ksi-simik-07-13-umowyaneksu": "", 
            "numer-umowydecyzji": "", 
            "nazwa-beneficjenta": "", 
            "ostatni-wniosek-o-platnosc-dla-najbardziej-aktualnej-umowyaneksu": "", 
            "leaf": false, 
            "wojewodztwo": "", 
            "temat-priorytetu": "", 
            "type": "Województwo", 
            "powiat": "", 
            "projekt-zakonczony-wniosek-o-platnosc-koncowa": "", 
            "parent": null, 
            "program-operacyjny-nazwa": "", 
            "poddzialanie-kod": "", 
            "kod-pocztowy": "", 
            "obszar-realizacji": "", 
            "wartosc-ogolem": 2946867.01, 
            "name": "Wielkopolskie", 
            "level": "a", 
            "miejscowosc": "", 
            "forma-prawna": "", 
            "parent_sort": null, 
            "idef_sort": "0030", 
            "os-priorytetowa-kod": "", 
            "dofinansowanie-ue": 2478108.05
        }, 
        {
            "nip-beneficjenta": "", 
            "idef": "30-19", 
            "wydatki-kwalifikowalne": 765840.0, 
            "dofinansowanie": 650964.0, 
            "data-podpisania-umowyaneksu": "", 
            "dzialanie-kod": "", 
            "data-utworzenia-w-ksi-simik-07-13-umowyaneksu": "", 
            "numer-umowydecyzji": "", 
            "nazwa-beneficjenta": "", 
            "ostatni-wniosek-o-platnosc-dla-najbardziej-aktualnej-umowyaneksu": "", 
            "leaf": false, 
            "wojewodztwo": "", 
            "temat-priorytetu": "", 
            "type": "Powiat", 
            "powiat": "", 
            "projekt-zakonczony-wniosek-o-platnosc-koncowa": "", 
            "parent": "30", 
            "program-operacyjny-nazwa": "", 
            "poddzialanie-kod": "", 
            "kod-pocztowy": "", 
            "obszar-realizacji": "", 
            "wartosc-ogolem": 773835.36, 
            "name": "Powiat pilski", 
            "level": "b", 
            "miejscowosc": "", 
            "forma-prawna": "", 
            "parent_sort": "0030", 
            "idef_sort": "0030-0019", 
            "os-priorytetowa-kod": "", 
            "dofinansowanie-ue": 650964.0
        }, 
        {
            "nip-beneficjenta": "7642088098", 
            "idef": "30-19-1", 
            "wydatki-kwalifikowalne": 765840.0, 
            "dofinansowanie": 650964.0, 
            "data-podpisania-umowyaneksu": "2009/06/30", 
            "dzialanie-kod": "POIS.12.01.00", 
            "data-utworzenia-w-ksi-simik-07-13-umowyaneksu": "2009/07/09", 
            "numer-umowydecyzji": "POIS.12.01.00-00-118/08-00", 
            "nazwa-beneficjenta": "Szpital Specjalistyczny w Pile im. Stanisława Staszica", 
            "ostatni-wniosek-o-platnosc-dla-najbardziej-aktualnej-umowyaneksu": "POIS.12.01.00-00-118/08-01", 
            "leaf": true, 
            "wojewodztwo": "Wielkopolskie", 
            "temat-priorytetu": "76 Infrastruktura ochrony zdrowia", 
            "type": "Projekt", 
            "powiat": "Powiat pilski", 
            "projekt-zakonczony-wniosek-o-platnosc-koncowa": "Tak", 
            "parent": "30-19", 
            "program-operacyjny-nazwa": "Program Operacyjny Infrastruktura i Środowisko", 
            "poddzialanie-kod": "", 
            "kod-pocztowy": "64-920", 
            "obszar-realizacji": "00 Nie dotyczy", 
            "wartosc-ogolem": 773835.36, 
            "name": "Zakup dwóch ambulansów na potrzeby zespołów ratownictwa medycznego Szpitalnego Oddziału Ratunkowego Szpitala Specjalistycznego w Pile.", 
            "level": "c", 
            "miejscowosc": "Piła", 
            "forma-prawna": "publiczny zakład opieki zdrowotnej", 
            "parent_sort": "0030-0019", 
            "idef_sort": "0030-0019-0001", 
            "os-priorytetowa-kod": "POIS.12.00.00", 
            "dofinansowanie-ue": 650964.0
        }, 
        {
            "nip-beneficjenta": "", 
            "idef": "30-21", 
            "wydatki-kwalifikowalne": 1938272.28, 
            "dofinansowanie": 1647531.43, 
            "data-podpisania-umowyaneksu": "", 
            "dzialanie-kod": "", 
            "data-utworzenia-w-ksi-simik-07-13-umowyaneksu": "", 
            "numer-umowydecyzji": "", 
            "nazwa-beneficjenta": "", 
            "ostatni-wniosek-o-platnosc-dla-najbardziej-aktualnej-umowyaneksu": "", 
            "leaf": false, 
            "wojewodztwo": "", 
            "temat-priorytetu": "", 
            "type": "Powiat", 
            "powiat": "", 
            "projekt-zakonczony-wniosek-o-platnosc-koncowa": "", 
            "parent": "30", 
            "program-operacyjny-nazwa": "", 
            "poddzialanie-kod": "", 
            "kod-pocztowy": "", 
            "obszar-realizacji": "", 
            "wartosc-ogolem": 1938272.28, 
            "name": "Powiat poznański", 
            "level": "b", 
            "miejscowosc": "", 
            "forma-prawna": "", 
            "parent_sort": "0030", 
            "idef_sort": "0030-0021", 
            "os-priorytetowa-kod": "", 
            "dofinansowanie-ue": 1647531.43
        }, 
        {
            "nip-beneficjenta": "7792009143", 
            "idef": "30-21-1", 
            "wydatki-kwalifikowalne": 1938272.28, 
            "dofinansowanie": 1647531.43, 
            "data-podpisania-umowyaneksu": "2009/06/23", 
            "dzialanie-kod": "POIS.12.01.00", 
            "data-utworzenia-w-ksi-simik-07-13-umowyaneksu": "2009/07/07", 
            "numer-umowydecyzji": "POIS.12.01.00-00-099/08-00", 
            "nazwa-beneficjenta": "Rejonowa Stacja Pogotowia Ratunkowego Samodzielny Publiczny Zakład Opieki Zdrowotnej w Poznaniu", 
            "ostatni-wniosek-o-platnosc-dla-najbardziej-aktualnej-umowyaneksu": "POIS.12.01.00-00-099/08-01", 
            "leaf": true, 
            "wojewodztwo": "Wielkopolskie", 
            "temat-priorytetu": "76 Infrastruktura ochrony zdrowia", 
            "type": "Projekt", 
            "powiat": "Powiat m. Poznań", 
            "projekt-zakonczony-wniosek-o-platnosc-koncowa": "Tak", 
            "parent": "30-21", 
            "program-operacyjny-nazwa": "Program Operacyjny Infrastruktura i Środowisko", 
            "poddzialanie-kod": "", 
            "kod-pocztowy": "60-346", 
            "obszar-realizacji": "00 Nie dotyczy", 
            "wartosc-ogolem": 1938272.28, 
            "name": "Poprawa efektywności systemu ochrony zdrowia w Wielkopolsce poprzez wymianę ambulansów przez Rejonową Stację Pogotowia Ratunkowego w Poznaniu.", 
            "level": "c", 
            "miejscowosc": "Poznań", 
            "forma-prawna": "publiczny zakład opieki zdrowotnej", 
            "parent_sort": "0030-0021", 
            "idef_sort": "0030-0021-0001", 
            "os-priorytetowa-kod": "POIS.12.00.00", 
            "dofinansowanie-ue": 1647531.43
        }, 
        {
            "nip-beneficjenta": "", 
            "idef": "30-31", 
            "wydatki-kwalifikowalne": 211308.97, 
            "dofinansowanie": 179612.62, 
            "data-podpisania-umowyaneksu": "", 
            "dzialanie-kod": "", 
            "data-utworzenia-w-ksi-simik-07-13-umowyaneksu": "", 
            "numer-umowydecyzji": "", 
            "nazwa-beneficjenta": "", 
            "ostatni-wniosek-o-platnosc-dla-najbardziej-aktualnej-umowyaneksu": "", 
            "leaf": false, 
            "wojewodztwo": "", 
            "temat-priorytetu": "", 
            "type": "Powiat", 
            "powiat": "", 
            "projekt-zakonczony-wniosek-o-platnosc-koncowa": "", 
            "parent": "30", 
            "program-operacyjny-nazwa": "", 
            "poddzialanie-kod": "", 
            "kod-pocztowy": "", 
            "obszar-realizacji": "", 
            "wartosc-ogolem": 234759.37, 
            "name": "Powiat złotowski", 
            "level": "b", 
            "miejscowosc": "", 
            "forma-prawna": "", 
            "parent_sort": "0030", 
            "idef_sort": "0030-0031", 
            "os-priorytetowa-kod": "", 
            "dofinansowanie-ue": 179612.62
        }, 
        {
            "nip-beneficjenta": "7671449305", 
            "idef": "30-31-1", 
            "wydatki-kwalifikowalne": 211308.97, 
            "dofinansowanie": 179612.62, 
            "data-podpisania-umowyaneksu": "2009/06/29", 
            "dzialanie-kod": "POIS.12.01.00", 
            "data-utworzenia-w-ksi-simik-07-13-umowyaneksu": "2009/07/08", 
            "numer-umowydecyzji": "POIS.12.01.00-00-117/08-00", 
            "nazwa-beneficjenta": "Szpital Powiatowy im. Alfreda Sokołowskiego w Złotowie", 
            "ostatni-wniosek-o-platnosc-dla-najbardziej-aktualnej-umowyaneksu": "POIS.12.01.00-00-117/08-01", 
            "leaf": true, 
            "wojewodztwo": "Wielkopolskie", 
            "temat-priorytetu": "76 Infrastruktura ochrony zdrowia", 
            "type": "Projekt", 
            "powiat": "Powiat złotowski", 
            "projekt-zakonczony-wniosek-o-platnosc-koncowa": "Tak", 
            "parent": "30-31", 
            "program-operacyjny-nazwa": "Program Operacyjny Infrastruktura i Środowisko", 
            "poddzialanie-kod": "", 
            "kod-pocztowy": "77-400", 
            "obszar-realizacji": "00 Nie dotyczy", 
            "wartosc-ogolem": 234759.37, 
            "name": "Poprawa jakości i dostępności do systemu ratownictwa medycznego w Szpitalu Powiatowym im.A. Sokołowskiego w Złotowie poprzez wymianę infrastruktury medycznej. ", 
            "level": "c", 
            "miejscowosc": "Złotów", 
            "forma-prawna": "publiczny zakład opieki zdrowotnej", 
            "parent_sort": "0030-0031", 
            "idef_sort": "0030-0031-0001", 
            "os-priorytetowa-kod": "POIS.12.00.00", 
            "dofinansowanie-ue": 179612.62
        }, 
        {
            "nip-beneficjenta": "", 
            "idef": "32", 
            "wydatki-kwalifikowalne": 1838521.07, 
            "dofinansowanie": 1562742.9, 
            "data-podpisania-umowyaneksu": "", 
            "dzialanie-kod": "", 
            "data-utworzenia-w-ksi-simik-07-13-umowyaneksu": "", 
            "numer-umowydecyzji": "", 
            "nazwa-beneficjenta": "", 
            "ostatni-wniosek-o-platnosc-dla-najbardziej-aktualnej-umowyaneksu": "", 
            "leaf": false, 
            "wojewodztwo": "", 
            "temat-priorytetu": "", 
            "type": "Województwo", 
            "powiat": "", 
            "projekt-zakonczony-wniosek-o-platnosc-koncowa": "", 
            "parent": null, 
            "program-operacyjny-nazwa": "", 
            "poddzialanie-kod": "", 
            "kod-pocztowy": "", 
            "obszar-realizacji": "", 
            "wartosc-ogolem": 1838521.07, 
            "name": "Zachodniopomorskie", 
            "level": "a", 
            "miejscowosc": "", 
            "forma-prawna": "", 
            "parent_sort": null, 
            "idef_sort": "0032", 
            "os-priorytetowa-kod": "", 
            "dofinansowanie-ue": 1562742.9
        }, 
        {
            "nip-beneficjenta": "", 
            "idef": "32-15", 
            "wydatki-kwalifikowalne": 760472.41, 
            "dofinansowanie": 646401.54, 
            "data-podpisania-umowyaneksu": "", 
            "dzialanie-kod": "", 
            "data-utworzenia-w-ksi-simik-07-13-umowyaneksu": "", 
            "numer-umowydecyzji": "", 
            "nazwa-beneficjenta": "", 
            "ostatni-wniosek-o-platnosc-dla-najbardziej-aktualnej-umowyaneksu": "", 
            "leaf": false, 
            "wojewodztwo": "", 
            "temat-priorytetu": "", 
            "type": "Powiat", 
            "powiat": "", 
            "projekt-zakonczony-wniosek-o-platnosc-koncowa": "", 
            "parent": "32", 
            "program-operacyjny-nazwa": "", 
            "poddzialanie-kod": "", 
            "kod-pocztowy": "", 
            "obszar-realizacji": "", 
            "wartosc-ogolem": 760472.41, 
            "name": "Powiat szczecinecki", 
            "level": "b", 
            "miejscowosc": "", 
            "forma-prawna": "", 
            "parent_sort": "0032", 
            "idef_sort": "0032-0015", 
            "os-priorytetowa-kod": "", 
            "dofinansowanie-ue": 646401.54
        }, 
        {
            "nip-beneficjenta": "6731630032", 
            "idef": "32-15-1", 
            "wydatki-kwalifikowalne": 760472.41, 
            "dofinansowanie": 646401.54, 
            "data-podpisania-umowyaneksu": "2009/10/09", 
            "dzialanie-kod": "POIS.12.01.00", 
            "data-utworzenia-w-ksi-simik-07-13-umowyaneksu": "2009/10/13", 
            "numer-umowydecyzji": "POIS.12.01.00-00-057/08-01", 
            "nazwa-beneficjenta": "Powiat Szczecinecki", 
            "ostatni-wniosek-o-platnosc-dla-najbardziej-aktualnej-umowyaneksu": "POIS.12.01.00-00-057/08-01", 
            "leaf": true, 
            "wojewodztwo": "Zachodniopomorskie", 
            "temat-priorytetu": "76 Infrastruktura ochrony zdrowia", 
            "type": "Projekt", 
            "powiat": "Powiat szczecinecki", 
            "projekt-zakonczony-wniosek-o-platnosc-koncowa": "Tak", 
            "parent": "32-15", 
            "program-operacyjny-nazwa": "Program Operacyjny Infrastruktura i Środowisko", 
            "poddzialanie-kod": "", 
            "kod-pocztowy": "78-400", 
            "obszar-realizacji": "00 Nie dotyczy", 
            "wartosc-ogolem": 760472.41, 
            "name": "Poprawa bezpieczeństwa mieszkańców powiatu szczecineckiego - karetki życia", 
            "level": "c", 
            "miejscowosc": "Szczecinek", 
            "forma-prawna": "powiatowa samorządowa jednostka organizacyjna", 
            "parent_sort": "0032-0015", 
            "idef_sort": "0032-0015-0001", 
            "os-priorytetowa-kod": "POIS.12.00.00", 
            "dofinansowanie-ue": 646401.54
        }, 
        {
            "nip-beneficjenta": "", 
            "idef": "32-62", 
            "wydatki-kwalifikowalne": 1078048.66, 
            "dofinansowanie": 916341.36, 
            "data-podpisania-umowyaneksu": "", 
            "dzialanie-kod": "", 
            "data-utworzenia-w-ksi-simik-07-13-umowyaneksu": "", 
            "numer-umowydecyzji": "", 
            "nazwa-beneficjenta": "", 
            "ostatni-wniosek-o-platnosc-dla-najbardziej-aktualnej-umowyaneksu": "", 
            "leaf": false, 
            "wojewodztwo": "", 
            "temat-priorytetu": "", 
            "type": "Powiat", 
            "powiat": "", 
            "projekt-zakonczony-wniosek-o-platnosc-koncowa": "", 
            "parent": "32", 
            "program-operacyjny-nazwa": "", 
            "poddzialanie-kod": "", 
            "kod-pocztowy": "", 
            "obszar-realizacji": "", 
            "wartosc-ogolem": 1078048.66, 
            "name": "Powiat m. Szczecin", 
            "level": "b", 
            "miejscowosc": "", 
            "forma-prawna": "", 
            "parent_sort": "0032", 
            "idef_sort": "0032-0062", 
            "os-priorytetowa-kod": "", 
            "dofinansowanie-ue": 916341.36
        }, 
        {
            "nip-beneficjenta": "8522433297", 
            "idef": "32-62-1", 
            "wydatki-kwalifikowalne": 1078048.66, 
            "dofinansowanie": 916341.36, 
            "data-podpisania-umowyaneksu": "2009/06/23", 
            "dzialanie-kod": "POIS.12.01.00", 
            "data-utworzenia-w-ksi-simik-07-13-umowyaneksu": "2009/07/17", 
            "numer-umowydecyzji": "POIS.12.01.00-00-191/08-00", 
            "nazwa-beneficjenta": "Nowy Szpital Sp. z o.o.", 
            "ostatni-wniosek-o-platnosc-dla-najbardziej-aktualnej-umowyaneksu": "POIS.12.01.00-00-191/08-02", 
            "leaf": true, 
            "wojewodztwo": "Zachodniopomorskie", 
            "temat-priorytetu": "76 Infrastruktura ochrony zdrowia", 
            "type": "Projekt", 
            "powiat": "Powiat m. Szczecin", 
            "projekt-zakonczony-wniosek-o-platnosc-koncowa": "Tak", 
            "parent": "32-62", 
            "program-operacyjny-nazwa": "Program Operacyjny Infrastruktura i Środowisko", 
            "poddzialanie-kod": "", 
            "kod-pocztowy": "70-356", 
            "obszar-realizacji": "00 Nie dotyczy", 
            "wartosc-ogolem": 1078048.66, 
            "name": "Zakup specjalistycznych środków transportu sanitarnego wraz z wyposażeniem na potrzeby podstawowego zespołu ratownictwa medycznego w NZOZ w Świeciu.", 
            "level": "c", 
            "miejscowosc": "Szczecin", 
            "forma-prawna": "niepubliczny zakład opieki zdrowotnej (w tym osoby prowadzące praktyki lekarskie/pielęgniarskie)", 
            "parent_sort": "0032-0062", 
            "idef_sort": "0032-0062-0001", 
            "os-priorytetowa-kod": "POIS.12.00.00", 
            "dofinansowanie-ue": 916341.36
        }
    ], 
    "response": "OK"
}