{
    "count": 3, 
    "issue": "2008", 
    "view_id": 2, 
    "request": "europejski-fundusz-rozwoju-regionalnego-szczebel-powiatowy-2008", 
    "uri": "http://otwartedane.pl/api/json/dataset/4/view/2/issue/2008/", 
    "dataset_id": 4, 
    "data": [
        {
            "nip-beneficjenta": "", 
            "idef": "30", 
            "wydatki-kwalifikowalne": 375246.2, 
            "dofinansowanie": 262672.34, 
            "data-podpisania-umowyaneksu": "", 
            "dzialanie-kod": "", 
            "data-utworzenia-w-ksi-simik-07-13-umowyaneksu": "", 
            "numer-umowydecyzji": "", 
            "nazwa-beneficjenta": "", 
            "ostatni-wniosek-o-platnosc-dla-najbardziej-aktualnej-umowyaneksu": "", 
            "leaf": false, 
            "wojewodztwo": "", 
            "temat-priorytetu": "", 
            "type": "Województwo", 
            "powiat": "", 
            "projekt-zakonczony-wniosek-o-platnosc-koncowa": "", 
            "parent": null, 
            "program-operacyjny-nazwa": "", 
            "poddzialanie-kod": "", 
            "kod-pocztowy": "", 
            "obszar-realizacji": "", 
            "wartosc-ogolem": 375246.2, 
            "name": "Wielkopolskie", 
            "level": "a", 
            "miejscowosc": "", 
            "forma-prawna": "", 
            "parent_sort": null, 
            "idef_sort": "0030", 
            "os-priorytetowa-kod": "", 
            "dofinansowanie-ue": 262672.34
        }, 
        {
            "nip-beneficjenta": "", 
            "idef": "30-21", 
            "wydatki-kwalifikowalne": 375246.2, 
            "dofinansowanie": 262672.34, 
            "data-podpisania-umowyaneksu": "", 
            "dzialanie-kod": "", 
            "data-utworzenia-w-ksi-simik-07-13-umowyaneksu": "", 
            "numer-umowydecyzji": "", 
            "nazwa-beneficjenta": "", 
            "ostatni-wniosek-o-platnosc-dla-najbardziej-aktualnej-umowyaneksu": "", 
            "leaf": false, 
            "wojewodztwo": "", 
            "temat-priorytetu": "", 
            "type": "Powiat", 
            "powiat": "", 
            "projekt-zakonczony-wniosek-o-platnosc-koncowa": "", 
            "parent": "30", 
            "program-operacyjny-nazwa": "", 
            "poddzialanie-kod": "", 
            "kod-pocztowy": "", 
            "obszar-realizacji": "", 
            "wartosc-ogolem": 375246.2, 
            "name": "Powiat poznański", 
            "level": "b", 
            "miejscowosc": "", 
            "forma-prawna": "", 
            "parent_sort": "0030", 
            "idef_sort": "0030-0021", 
            "os-priorytetowa-kod": "", 
            "dofinansowanie-ue": 262672.34
        }, 
        {
            "nip-beneficjenta": "7781029225", 
            "idef": "30-21-1", 
            "wydatki-kwalifikowalne": 375246.2, 
            "dofinansowanie": 262672.34, 
            "data-podpisania-umowyaneksu": "2008/12/18", 
            "dzialanie-kod": "RPWP.03.03.00", 
            "data-utworzenia-w-ksi-simik-07-13-umowyaneksu": "2008/12/18", 
            "numer-umowydecyzji": "RPWP.03.03.00-30-006/08-00", 
            "nazwa-beneficjenta": "Miasto Poznań", 
            "ostatni-wniosek-o-platnosc-dla-najbardziej-aktualnej-umowyaneksu": "RPWP.03.03.00-30-006/08-02", 
            "leaf": true, 
            "wojewodztwo": "Wielkopolskie", 
            "temat-priorytetu": "51 Promowanie bioróżnorodności i ochrony przyrody (w tym NATURA 2000)", 
            "type": "Projekt", 
            "powiat": "Powiat m. Poznań", 
            "projekt-zakonczony-wniosek-o-platnosc-koncowa": "Tak", 
            "parent": "30-21", 
            "program-operacyjny-nazwa": "Regionalny Program Operacyjny Województwa Wielkopolskiego na lata 2007 - 2013", 
            "poddzialanie-kod": "", 
            "kod-pocztowy": "61-841", 
            "obszar-realizacji": "01 Obszar miejski", 
            "wartosc-ogolem": 375246.2, 
            "name": "Kampania informacyjno-edukacyjna dla mieszkańców Wielkopolski o zmianach klimatu na świecie i o zagrożeniach z tym związanych \r\n", 
            "level": "c", 
            "miejscowosc": "Poznań", 
            "forma-prawna": "wspólnota samorządowa", 
            "parent_sort": "0030-0021", 
            "idef_sort": "0030-0021-0001", 
            "os-priorytetowa-kod": "RPWP.03.00.00", 
            "dofinansowanie-ue": 262672.34
        }
    ], 
    "response": "OK"
}